STATION_NUMBER,Date,Parameter,Value,Symbol
04FB001,2016-01-01,Flow,174,B
04FB001,2016-01-02,Flow,171,B
04FB001,2016-01-03,Flow,169,B
04FB001,2016-01-04,Flow,166,B
04FB001,2016-01-05,Flow,164,B
04FB001,2016-01-06,Flow,161,B
04FB001,2016-01-07,Flow,159,B
04FB001,2016-01-08,Flow,157,B
04FB001,2016-01-09,Flow,154,B
04FB001,2016-01-10,Flow,152,B
04FB001,2016-01-11,Flow,150,B
04FB001,2016-01-12,Flow,148,B
04FB001,2016-01-13,Flow,146,B
04FB001,2016-01-14,Flow,143,B
04FB001,2016-01-15,Flow,141,B
04FB001,2016-01-16,Flow,139,B
04FB001,2016-01-17,Flow,137,B
04FB001,2016-01-18,Flow,135,B
04FB001,2016-01-19,Flow,133,B
04FB001,2016-01-20,Flow,131,B
04FB001,2016-01-21,Flow,129,B
04FB001,2016-01-22,Flow,127,B
04FB001,2016-01-23,Flow,126,B
04FB001,2016-01-24,Flow,124,B
04FB001,2016-01-25,Flow,122,B
04FB001,2016-01-26,Flow,120,B
04FB001,2016-01-27,Flow,118,B
04FB001,2016-01-28,Flow,117,B
04FB001,2016-01-29,Flow,115,B
04FB001,2016-01-30,Flow,113,B
04FB001,2016-01-31,Flow,112,B
04FB001,2016-02-01,Flow,110,B
04FB001,2016-02-02,Flow,108,B
04FB001,2016-02-03,Flow,107,B
04FB001,2016-02-04,Flow,105,B
04FB001,2016-02-05,Flow,104,B
04FB001,2016-02-06,Flow,102,B
04FB001,2016-02-07,Flow,101,B
04FB001,2016-02-08,Flow,99.19999695,B
04FB001,2016-02-09,Flow,97.69999695,B
04FB001,2016-02-10,Flow,96.30000305,B
04FB001,2016-02-11,Flow,94.90000153,B
04FB001,2016-02-12,Flow,93.5,B
04FB001,2016-02-13,Flow,92.09999847,B
04FB001,2016-02-14,Flow,90.69999695,B
04FB001,2016-02-15,Flow,89.40000153,B
04FB001,2016-02-16,Flow,88.09999847,B
04FB001,2016-02-17,Flow,86.80000305,B
04FB001,2016-02-18,Flow,85.5,B
04FB001,2016-02-19,Flow,84.30000305,B
04FB001,2016-02-20,Flow,83,B
04FB001,2016-02-21,Flow,81.80000305,B
04FB001,2016-02-22,Flow,80.59999847,B
04FB001,2016-02-23,Flow,79.40000153,B
04FB001,2016-02-24,Flow,78.30000305,B
04FB001,2016-02-25,Flow,77.09999847,B
04FB001,2016-02-26,Flow,76,B
04FB001,2016-02-27,Flow,74.90000153,B
04FB001,2016-02-28,Flow,73.80000305,B
04FB001,2016-02-29,Flow,72.69999695,B
04FB001,2016-03-01,Flow,71.59999847,B
04FB001,2016-03-02,Flow,70.59999847,B
04FB001,2016-03-03,Flow,69.59999847,B
04FB001,2016-03-04,Flow,68.5,B
04FB001,2016-03-05,Flow,67.5,B
04FB001,2016-03-06,Flow,66.5,B
04FB001,2016-03-07,Flow,65.59999847,B
04FB001,2016-03-08,Flow,64.59999847,B
04FB001,2016-03-09,Flow,63.70000076,B
04FB001,2016-03-10,Flow,62.59999847,B
04FB001,2016-03-11,Flow,61.59999847,B
04FB001,2016-03-12,Flow,60.5,B
04FB001,2016-03-13,Flow,59.90000153,B
04FB001,2016-03-14,Flow,60.40000153,B
04FB001,2016-03-15,Flow,61,B
04FB001,2016-03-16,Flow,60.59999847,B
04FB001,2016-03-17,Flow,59.20000076,B
04FB001,2016-03-18,Flow,57.5,B
04FB001,2016-03-19,Flow,55.59999847,B
04FB001,2016-03-20,Flow,53.70000076,B
04FB001,2016-03-21,Flow,51.90000153,B
04FB001,2016-03-22,Flow,50.40000153,B
04FB001,2016-03-23,Flow,49.29999924,B
04FB001,2016-03-24,Flow,48.70000076,B
04FB001,2016-03-25,Flow,48.59999847,B
04FB001,2016-03-26,Flow,48.70000076,B
04FB001,2016-03-27,Flow,48.79999924,B
04FB001,2016-03-28,Flow,48.90000153,B
04FB001,2016-03-29,Flow,48.70000076,B
04FB001,2016-03-30,Flow,48.20000076,B
04FB001,2016-03-31,Flow,47.29999924,B
04FB001,2016-04-01,Flow,46.09999847,B
04FB001,2016-04-02,Flow,44.59999847,B
04FB001,2016-04-03,Flow,43.09999847,B
04FB001,2016-04-04,Flow,41.40000153,B
04FB001,2016-04-05,Flow,39.90000153,B
04FB001,2016-04-06,Flow,39,B
04FB001,2016-04-07,Flow,38.29999924,B
04FB001,2016-04-08,Flow,37.59999847,B
04FB001,2016-04-09,Flow,37,B
04FB001,2016-04-10,Flow,36.40000153,B
04FB001,2016-04-11,Flow,35.90000153,B
04FB001,2016-04-12,Flow,35.79999924,B
04FB001,2016-04-13,Flow,36.29999924,B
04FB001,2016-04-14,Flow,37.20000076,B
04FB001,2016-04-15,Flow,38.29999924,B
04FB001,2016-04-16,Flow,39.70000076,B
04FB001,2016-04-17,Flow,41.40000153,B
04FB001,2016-04-18,Flow,43.20000076,B
04FB001,2016-04-19,Flow,45.29999924,B
04FB001,2016-04-20,Flow,49.09999847,B
04FB001,2016-04-21,Flow,53.90000153,B
04FB001,2016-04-22,Flow,58.59999847,B
04FB001,2016-04-23,Flow,63,B
04FB001,2016-04-24,Flow,67.5,B
04FB001,2016-04-25,Flow,72.19999695,B
04FB001,2016-04-26,Flow,77,B
04FB001,2016-04-27,Flow,82.40000153,B
04FB001,2016-04-28,Flow,88.59999847,B
04FB001,2016-04-29,Flow,95.69999695,B
04FB001,2016-04-30,Flow,104,B
04FB001,2016-05-01,Flow,114,B
04FB001,2016-05-02,Flow,126,B
04FB001,2016-05-03,Flow,142,B
04FB001,2016-05-04,Flow,158,B
04FB001,2016-05-05,Flow,177,B
04FB001,2016-05-06,Flow,200,B
04FB001,2016-05-07,Flow,222,B
04FB001,2016-05-08,Flow,246,B
04FB001,2016-05-09,Flow,272,B
04FB001,2016-05-10,Flow,298,B
04FB001,2016-05-11,Flow,323,B
04FB001,2016-05-12,Flow,346,NA
04FB001,2016-05-13,Flow,369,NA
04FB001,2016-05-14,Flow,393,NA
04FB001,2016-05-15,Flow,410,NA
04FB001,2016-05-16,Flow,423,NA
04FB001,2016-05-17,Flow,431,NA
04FB001,2016-05-18,Flow,438,NA
04FB001,2016-05-19,Flow,442,NA
04FB001,2016-05-20,Flow,445,NA
04FB001,2016-05-21,Flow,447,NA
04FB001,2016-05-22,Flow,448,NA
04FB001,2016-05-23,Flow,443,NA
04FB001,2016-05-24,Flow,436,NA
04FB001,2016-05-25,Flow,433,NA
04FB001,2016-05-26,Flow,424,NA
04FB001,2016-05-27,Flow,413,NA
04FB001,2016-05-28,Flow,402,NA
04FB001,2016-05-29,Flow,401,NA
04FB001,2016-05-30,Flow,404,NA
04FB001,2016-05-31,Flow,405,NA
04FB001,2016-06-01,Flow,408,NA
04FB001,2016-06-02,Flow,426,NA
04FB001,2016-06-03,Flow,442,NA
04FB001,2016-06-04,Flow,454,NA
04FB001,2016-06-05,Flow,464,NA
04FB001,2016-06-06,Flow,483,NA
04FB001,2016-06-07,Flow,505,NA
04FB001,2016-06-08,Flow,522,NA
04FB001,2016-06-09,Flow,533,NA
04FB001,2016-06-10,Flow,540,NA
04FB001,2016-06-11,Flow,553,NA
04FB001,2016-06-12,Flow,566,NA
04FB001,2016-06-13,Flow,576,NA
04FB001,2016-06-14,Flow,578,NA
04FB001,2016-06-15,Flow,573,NA
04FB001,2016-06-16,Flow,567,NA
04FB001,2016-06-17,Flow,558,NA
04FB001,2016-06-18,Flow,547,NA
04FB001,2016-06-19,Flow,533,NA
04FB001,2016-06-20,Flow,532,NA
04FB001,2016-06-21,Flow,526,NA
04FB001,2016-06-22,Flow,516,NA
04FB001,2016-06-23,Flow,497,NA
04FB001,2016-06-24,Flow,475,NA
04FB001,2016-06-25,Flow,454,NA
04FB001,2016-06-26,Flow,438,NA
04FB001,2016-06-27,Flow,421,NA
04FB001,2016-06-28,Flow,408,NA
04FB001,2016-06-29,Flow,392,NA
04FB001,2016-06-30,Flow,376,NA
04FB001,2016-07-01,Flow,364,NA
04FB001,2016-07-02,Flow,351,NA
04FB001,2016-07-03,Flow,339,NA
04FB001,2016-07-04,Flow,326,NA
04FB001,2016-07-05,Flow,315,NA
04FB001,2016-07-06,Flow,305,NA
04FB001,2016-07-07,Flow,293,NA
04FB001,2016-07-08,Flow,281,NA
04FB001,2016-07-09,Flow,271,NA
04FB001,2016-07-10,Flow,260,NA
04FB001,2016-07-11,Flow,250,NA
04FB001,2016-07-12,Flow,245,NA
04FB001,2016-07-13,Flow,242,NA
04FB001,2016-07-14,Flow,240,NA
04FB001,2016-07-15,Flow,237,NA
04FB001,2016-07-16,Flow,231,NA
04FB001,2016-07-17,Flow,223,NA
04FB001,2016-07-18,Flow,218,NA
04FB001,2016-07-19,Flow,215,NA
04FB001,2016-07-20,Flow,210,NA
04FB001,2016-07-21,Flow,211,NA
04FB001,2016-07-22,Flow,214,NA
04FB001,2016-07-23,Flow,212,NA
04FB001,2016-07-24,Flow,211,NA
04FB001,2016-07-25,Flow,214,NA
04FB001,2016-07-26,Flow,215,NA
04FB001,2016-07-27,Flow,212,NA
04FB001,2016-07-28,Flow,208,NA
04FB001,2016-07-29,Flow,203,NA
04FB001,2016-07-30,Flow,197,NA
04FB001,2016-07-31,Flow,190,NA
04FB001,2016-08-01,Flow,183,NA
04FB001,2016-08-02,Flow,176,NA
04FB001,2016-08-03,Flow,170,NA
04FB001,2016-08-04,Flow,164,NA
04FB001,2016-08-05,Flow,162,NA
04FB001,2016-08-06,Flow,161,NA
04FB001,2016-08-07,Flow,160,NA
04FB001,2016-08-08,Flow,159,NA
04FB001,2016-08-09,Flow,157,NA
04FB001,2016-08-10,Flow,154,NA
04FB001,2016-08-11,Flow,149,NA
04FB001,2016-08-12,Flow,146,NA
04FB001,2016-08-13,Flow,142,NA
04FB001,2016-08-14,Flow,141,NA
04FB001,2016-08-15,Flow,139,NA
04FB001,2016-08-16,Flow,138,NA
04FB001,2016-08-17,Flow,139,NA
04FB001,2016-08-18,Flow,139,NA
04FB001,2016-08-19,Flow,138,NA
04FB001,2016-08-20,Flow,135,NA
04FB001,2016-08-21,Flow,133,NA
04FB001,2016-08-22,Flow,131,NA
04FB001,2016-08-23,Flow,129,NA
04FB001,2016-08-24,Flow,128,NA
04FB001,2016-08-25,Flow,130,NA
04FB001,2016-08-26,Flow,133,NA
04FB001,2016-08-27,Flow,133,NA
04FB001,2016-08-28,Flow,132,NA
04FB001,2016-08-29,Flow,132,NA
04FB001,2016-08-30,Flow,131,NA
04FB001,2016-08-31,Flow,130,NA
04FB001,2016-09-01,Flow,130,NA
04FB001,2016-09-02,Flow,130,NA
04FB001,2016-09-03,Flow,130,NA
04FB001,2016-09-04,Flow,129,NA
04FB001,2016-09-05,Flow,131,NA
04FB001,2016-09-06,Flow,138,NA
04FB001,2016-09-07,Flow,145,NA
04FB001,2016-09-08,Flow,151,NA
04FB001,2016-09-09,Flow,160,NA
04FB001,2016-09-10,Flow,170,NA
04FB001,2016-09-11,Flow,183,NA
04FB001,2016-09-12,Flow,201,NA
04FB001,2016-09-13,Flow,226,NA
04FB001,2016-09-14,Flow,259,NA
04FB001,2016-09-15,Flow,294,NA
04FB001,2016-09-16,Flow,329,NA
04FB001,2016-09-17,Flow,372,NA
04FB001,2016-09-18,Flow,409,NA
04FB001,2016-09-19,Flow,435,NA
04FB001,2016-09-20,Flow,459,NA
04FB001,2016-09-21,Flow,475,NA
04FB001,2016-09-22,Flow,488,NA
04FB001,2016-09-23,Flow,493,NA
04FB001,2016-09-24,Flow,489,NA
04FB001,2016-09-25,Flow,483,NA
04FB001,2016-09-26,Flow,482,NA
04FB001,2016-09-27,Flow,479,NA
04FB001,2016-09-28,Flow,476,NA
04FB001,2016-09-29,Flow,470,NA
04FB001,2016-09-30,Flow,463,NA
04FB001,2016-10-01,Flow,456,NA
04FB001,2016-10-02,Flow,449,NA
04FB001,2016-10-03,Flow,445,NA
04FB001,2016-10-04,Flow,441,NA
04FB001,2016-10-05,Flow,439,NA
04FB001,2016-10-06,Flow,444,NA
04FB001,2016-10-07,Flow,446,NA
04FB001,2016-10-08,Flow,460,NA
04FB001,2016-10-09,Flow,470,NA
04FB001,2016-10-10,Flow,474,NA
04FB001,2016-10-11,Flow,473,NA
04FB001,2016-10-12,Flow,482,NA
04FB001,2016-10-13,Flow,491,NA
04FB001,2016-10-14,Flow,494,NA
04FB001,2016-10-15,Flow,500,NA
04FB001,2016-10-16,Flow,507,NA
04FB001,2016-10-17,Flow,517,NA
04FB001,2016-10-18,Flow,532,NA
04FB001,2016-10-19,Flow,540,NA
04FB001,2016-10-20,Flow,551,NA
04FB001,2016-10-21,Flow,562,NA
04FB001,2016-10-22,Flow,570,NA
04FB001,2016-10-23,Flow,577,NA
04FB001,2016-10-24,Flow,582,NA
04FB001,2016-10-25,Flow,589,NA
04FB001,2016-10-26,Flow,592,NA
04FB001,2016-10-27,Flow,590,NA
04FB001,2016-10-28,Flow,586,NA
04FB001,2016-10-29,Flow,589,NA
04FB001,2016-10-30,Flow,590,NA
04FB001,2016-10-31,Flow,585,NA
04FB001,2016-11-01,Flow,587,NA
04FB001,2016-11-02,Flow,589,NA
04FB001,2016-11-03,Flow,586,NA
04FB001,2016-11-04,Flow,582,NA
04FB001,2016-11-05,Flow,576,NA
04FB001,2016-11-06,Flow,571,NA
04FB001,2016-11-07,Flow,566,NA
04FB001,2016-11-08,Flow,561,NA
04FB001,2016-11-09,Flow,559,NA
04FB001,2016-11-10,Flow,556,NA
04FB001,2016-11-11,Flow,553,NA
04FB001,2016-11-12,Flow,551,NA
04FB001,2016-11-13,Flow,543,NA
04FB001,2016-11-14,Flow,540,NA
04FB001,2016-11-15,Flow,533,NA
04FB001,2016-11-16,Flow,524,NA
04FB001,2016-11-17,Flow,513,NA
04FB001,2016-11-18,Flow,504,B
04FB001,2016-11-19,Flow,489,B
04FB001,2016-11-20,Flow,477,B
04FB001,2016-11-21,Flow,472,B
04FB001,2016-11-22,Flow,468,B
04FB001,2016-11-23,Flow,467,B
04FB001,2016-11-24,Flow,458,B
04FB001,2016-11-25,Flow,438,B
04FB001,2016-11-26,Flow,428,B
04FB001,2016-11-27,Flow,423,B
04FB001,2016-11-28,Flow,417,B
04FB001,2016-11-29,Flow,407,B
04FB001,2016-11-30,Flow,403,B
04FB001,2016-12-01,Flow,398,B
04FB001,2016-12-02,Flow,389,B
04FB001,2016-12-03,Flow,377,B
04FB001,2016-12-04,Flow,369,B
04FB001,2016-12-05,Flow,362,B
04FB001,2016-12-06,Flow,354,B
04FB001,2016-12-07,Flow,347,B
04FB001,2016-12-08,Flow,340,B
04FB001,2016-12-09,Flow,332,B
04FB001,2016-12-10,Flow,325,B
04FB001,2016-12-11,Flow,318,B
04FB001,2016-12-12,Flow,311,B
04FB001,2016-12-13,Flow,304,B
04FB001,2016-12-14,Flow,297,B
04FB001,2016-12-15,Flow,290,B
04FB001,2016-12-16,Flow,283,B
04FB001,2016-12-17,Flow,277,B
04FB001,2016-12-18,Flow,270,B
04FB001,2016-12-19,Flow,263,B
04FB001,2016-12-20,Flow,256,B
04FB001,2016-12-21,Flow,249,B
04FB001,2016-12-22,Flow,242,B
04FB001,2016-12-23,Flow,235,B
04FB001,2016-12-24,Flow,228,B
04FB001,2016-12-25,Flow,222,B
04FB001,2016-12-26,Flow,215,B
04FB001,2016-12-27,Flow,208,B
04FB001,2016-12-28,Flow,202,B
04FB001,2016-12-29,Flow,196,B
04FB001,2016-12-30,Flow,190,B
04FB001,2016-12-31,Flow,184,B
04FB001,2017-01-01,Flow,178,B
04FB001,2017-01-02,Flow,172,B
04FB001,2017-01-03,Flow,166,B
04FB001,2017-01-04,Flow,161,B
04FB001,2017-01-05,Flow,155,B
04FB001,2017-01-06,Flow,150,B
04FB001,2017-01-07,Flow,144,B
04FB001,2017-01-08,Flow,139,B
04FB001,2017-01-09,Flow,134,B
04FB001,2017-01-10,Flow,129,B
04FB001,2017-01-11,Flow,125,B
04FB001,2017-01-12,Flow,120,B
04FB001,2017-01-13,Flow,117,B
04FB001,2017-01-14,Flow,114,B
04FB001,2017-01-15,Flow,111,B
04FB001,2017-01-16,Flow,110,B
04FB001,2017-01-17,Flow,110,B
04FB001,2017-01-18,Flow,113,B
04FB001,2017-01-19,Flow,115,B
04FB001,2017-01-20,Flow,117,B
04FB001,2017-01-21,Flow,117,B
04FB001,2017-01-22,Flow,114,B
04FB001,2017-01-23,Flow,110,B
04FB001,2017-01-24,Flow,105,B
04FB001,2017-01-25,Flow,99.30000305,B
04FB001,2017-01-26,Flow,94.90000153,B
04FB001,2017-01-27,Flow,91.19999695,B
04FB001,2017-01-28,Flow,87.90000153,B
04FB001,2017-01-29,Flow,84.90000153,B
04FB001,2017-01-30,Flow,82.09999847,B
04FB001,2017-01-31,Flow,79.59999847,B
04FB001,2017-02-01,Flow,77.19999695,B
04FB001,2017-02-02,Flow,75,B
04FB001,2017-02-03,Flow,72.90000153,B
04FB001,2017-02-04,Flow,71,B
04FB001,2017-02-05,Flow,69.09999847,B
04FB001,2017-02-06,Flow,67.19999695,B
04FB001,2017-02-07,Flow,65.40000153,B
04FB001,2017-02-08,Flow,63.5,B
04FB001,2017-02-09,Flow,61.70000076,B
04FB001,2017-02-10,Flow,59.79999924,B
04FB001,2017-02-11,Flow,57.90000153,B
04FB001,2017-02-12,Flow,56.09999847,B
04FB001,2017-02-13,Flow,54.29999924,B
04FB001,2017-02-14,Flow,52.70000076,B
04FB001,2017-02-15,Flow,52,B
04FB001,2017-02-16,Flow,52.90000153,B
04FB001,2017-02-17,Flow,56.20000076,B
04FB001,2017-02-18,Flow,62.90000153,B
04FB001,2017-02-19,Flow,72.5,B
04FB001,2017-02-20,Flow,81.19999695,B
04FB001,2017-02-21,Flow,87.59999847,B
04FB001,2017-02-22,Flow,90.5,B
04FB001,2017-02-23,Flow,89.90000153,B
04FB001,2017-02-24,Flow,86.80000305,B
04FB001,2017-02-25,Flow,83,B
04FB001,2017-02-26,Flow,79.40000153,B
04FB001,2017-02-27,Flow,77,B
04FB001,2017-02-28,Flow,73.80000305,B
04FB001,2017-03-01,Flow,70.09999847,B
04FB001,2017-03-02,Flow,67.59999847,B
04FB001,2017-03-03,Flow,67.09999847,B
04FB001,2017-03-04,Flow,69.19999695,B
04FB001,2017-03-05,Flow,73.69999695,B
04FB001,2017-03-06,Flow,80,B
04FB001,2017-03-07,Flow,85.69999695,B
04FB001,2017-03-08,Flow,85.19999695,B
04FB001,2017-03-09,Flow,82.69999695,B
04FB001,2017-03-10,Flow,80,B
04FB001,2017-03-11,Flow,77.40000153,B
04FB001,2017-03-12,Flow,75.59999847,B
04FB001,2017-03-13,Flow,75.19999695,B
04FB001,2017-03-14,Flow,76.30000305,B
04FB001,2017-03-15,Flow,78.5,B
04FB001,2017-03-16,Flow,80.59999847,B
04FB001,2017-03-17,Flow,81.80000305,B
04FB001,2017-03-18,Flow,82.30000305,B
04FB001,2017-03-19,Flow,82.19999695,B
04FB001,2017-03-20,Flow,81.59999847,B
04FB001,2017-03-21,Flow,80.69999695,B
04FB001,2017-03-22,Flow,79.59999847,B
04FB001,2017-03-23,Flow,78.5,B
04FB001,2017-03-24,Flow,77.5,B
04FB001,2017-03-25,Flow,77.59999847,B
04FB001,2017-03-26,Flow,79.69999695,B
04FB001,2017-03-27,Flow,83,B
04FB001,2017-03-28,Flow,86.30000305,B
04FB001,2017-03-29,Flow,89.19999695,B
04FB001,2017-03-30,Flow,91.5,B
04FB001,2017-03-31,Flow,93.09999847,B
04FB001,2017-04-01,Flow,93.59999847,B
04FB001,2017-04-02,Flow,93.80000305,B
04FB001,2017-04-03,Flow,94.59999847,B
04FB001,2017-04-04,Flow,95.19999695,B
04FB001,2017-04-05,Flow,97.5,B
04FB001,2017-04-06,Flow,101,B
04FB001,2017-04-07,Flow,108,B
04FB001,2017-04-08,Flow,114,B
04FB001,2017-04-09,Flow,120,B
04FB001,2017-04-10,Flow,125,B
04FB001,2017-04-11,Flow,130,B
04FB001,2017-04-12,Flow,136,B
04FB001,2017-04-13,Flow,143,B
04FB001,2017-04-14,Flow,152,B
04FB001,2017-04-15,Flow,161,B
04FB001,2017-04-16,Flow,171,B
04FB001,2017-04-17,Flow,182,B
04FB001,2017-04-18,Flow,193,B
04FB001,2017-04-19,Flow,205,B
04FB001,2017-04-20,Flow,218,B
04FB001,2017-04-21,Flow,232,B
04FB001,2017-04-22,Flow,246,B
04FB001,2017-04-23,Flow,265,B
04FB001,2017-04-24,Flow,292,B
04FB001,2017-04-25,Flow,325,B
04FB001,2017-04-26,Flow,366,B
04FB001,2017-04-27,Flow,418,B
04FB001,2017-04-28,Flow,468,B
04FB001,2017-04-29,Flow,512,B
04FB001,2017-04-30,Flow,542,B
04FB001,2017-05-01,Flow,564,B
04FB001,2017-05-02,Flow,584,B
04FB001,2017-05-03,Flow,593,B
04FB001,2017-05-04,Flow,598,NA
04FB001,2017-05-05,Flow,607,NA
04FB001,2017-05-06,Flow,615,NA
04FB001,2017-05-07,Flow,625,NA
04FB001,2017-05-08,Flow,635,NA
04FB001,2017-05-09,Flow,646,NA
04FB001,2017-05-10,Flow,658,NA
04FB001,2017-05-11,Flow,674,NA
04FB001,2017-05-12,Flow,691,NA
04FB001,2017-05-13,Flow,710,NA
04FB001,2017-05-14,Flow,728,NA
04FB001,2017-05-15,Flow,743,NA
04FB001,2017-05-16,Flow,755,NA
04FB001,2017-05-17,Flow,788,NA
04FB001,2017-05-18,Flow,820,NA
04FB001,2017-05-19,Flow,840,NA
04FB001,2017-05-20,Flow,847,NA
04FB001,2017-05-21,Flow,850,NA
04FB001,2017-05-22,Flow,859,NA
04FB001,2017-05-23,Flow,876,NA
04FB001,2017-05-24,Flow,885,NA
04FB001,2017-05-25,Flow,885,NA
04FB001,2017-05-26,Flow,881,NA
04FB001,2017-05-27,Flow,874,NA
04FB001,2017-05-28,Flow,871,NA
04FB001,2017-05-29,Flow,871,NA
04FB001,2017-05-30,Flow,873,NA
04FB001,2017-05-31,Flow,880,NA
04FB001,2017-06-01,Flow,889,NA
04FB001,2017-06-02,Flow,881,NA
04FB001,2017-06-03,Flow,858,NA
04FB001,2017-06-04,Flow,835,NA
04FB001,2017-06-05,Flow,813,NA
04FB001,2017-06-06,Flow,789,A
04FB001,2017-06-07,Flow,765,NA
04FB001,2017-06-08,Flow,747,NA
04FB001,2017-06-09,Flow,730,NA
04FB001,2017-06-10,Flow,710,NA
04FB001,2017-06-11,Flow,699,NA
04FB001,2017-06-12,Flow,702,NA
04FB001,2017-06-13,Flow,696,NA
04FB001,2017-06-14,Flow,686,NA
04FB001,2017-06-15,Flow,670,NA
04FB001,2017-06-16,Flow,659,NA
04FB001,2017-06-17,Flow,659,NA
04FB001,2017-06-18,Flow,667,NA
04FB001,2017-06-19,Flow,671,NA
04FB001,2017-06-20,Flow,669,NA
04FB001,2017-06-21,Flow,664,NA
04FB001,2017-06-22,Flow,654,NA
04FB001,2017-06-23,Flow,646,NA
04FB001,2017-06-24,Flow,636,NA
04FB001,2017-06-25,Flow,625,NA
04FB001,2017-06-26,Flow,610,NA
04FB001,2017-06-27,Flow,596,NA
04FB001,2017-06-28,Flow,585,NA
04FB001,2017-06-29,Flow,568,NA
04FB001,2017-06-30,Flow,548,NA
04FB001,2017-07-01,Flow,527,NA
04FB001,2017-07-02,Flow,505,NA
04FB001,2017-07-03,Flow,485,NA
04FB001,2017-07-04,Flow,465,NA
04FB001,2017-07-05,Flow,442,NA
04FB001,2017-07-06,Flow,420,NA
04FB001,2017-07-07,Flow,402,NA
04FB001,2017-07-08,Flow,382,NA
04FB001,2017-07-09,Flow,366,NA
04FB001,2017-07-10,Flow,349,NA
04FB001,2017-07-11,Flow,330,NA
04FB001,2017-07-12,Flow,315,NA
04FB001,2017-07-13,Flow,300,NA
04FB001,2017-07-14,Flow,285,NA
04FB001,2017-07-15,Flow,271,NA
04FB001,2017-07-16,Flow,261,NA
04FB001,2017-07-17,Flow,251,NA
04FB001,2017-07-18,Flow,237,NA
04FB001,2017-07-19,Flow,227,NA
04FB001,2017-07-20,Flow,222,NA
04FB001,2017-07-21,Flow,213,NA
04FB001,2017-07-22,Flow,205,NA
04FB001,2017-07-23,Flow,196,NA
04FB001,2017-07-24,Flow,189,NA
04FB001,2017-07-25,Flow,181,NA
04FB001,2017-07-26,Flow,175,NA
04FB001,2017-07-27,Flow,168,NA
04FB001,2017-07-28,Flow,163,NA
04FB001,2017-07-29,Flow,158,NA
04FB001,2017-07-30,Flow,152,NA
04FB001,2017-07-31,Flow,148,NA
04FB001,2017-08-01,Flow,143,NA
04FB001,2017-08-02,Flow,138,NA
04FB001,2017-08-03,Flow,133,NA
04FB001,2017-08-04,Flow,128,NA
04FB001,2017-08-05,Flow,124,NA
04FB001,2017-08-06,Flow,121,NA
04FB001,2017-08-07,Flow,117,NA
04FB001,2017-08-08,Flow,115,NA
04FB001,2017-08-09,Flow,111,NA
04FB001,2017-08-10,Flow,108,NA
04FB001,2017-08-11,Flow,105,NA
04FB001,2017-08-12,Flow,102,NA
04FB001,2017-08-13,Flow,99,NA
04FB001,2017-08-14,Flow,97,NA
04FB001,2017-08-15,Flow,95.69999695,NA
04FB001,2017-08-16,Flow,93.30000305,NA
04FB001,2017-08-17,Flow,91.09999847,NA
04FB001,2017-08-18,Flow,88.40000153,NA
04FB001,2017-08-19,Flow,85.80000305,NA
04FB001,2017-08-20,Flow,83.69999695,NA
04FB001,2017-08-21,Flow,82.19999695,NA
04FB001,2017-08-22,Flow,80.69999695,NA
04FB001,2017-08-23,Flow,78.59999847,NA
04FB001,2017-08-24,Flow,76,NA
04FB001,2017-08-25,Flow,74,NA
04FB001,2017-08-26,Flow,72.19999695,NA
04FB001,2017-08-27,Flow,69.59999847,NA
04FB001,2017-08-28,Flow,67.90000153,NA
04FB001,2017-08-29,Flow,66.19999695,NA
04FB001,2017-08-30,Flow,65.59999847,NA
04FB001,2017-08-31,Flow,63.79999924,NA
04FB001,2017-09-01,Flow,62.09999847,E
04FB001,2017-09-02,Flow,61.09999847,E
04FB001,2017-09-03,Flow,60.20000076,E
04FB001,2017-09-04,Flow,59.29999924,E
04FB001,2017-09-05,Flow,58.5,E
04FB001,2017-09-06,Flow,57.90000153,E
04FB001,2017-09-07,Flow,56.29999924,NA
04FB001,2017-09-08,Flow,55.20000076,E
04FB001,2017-09-09,Flow,54,E
04FB001,2017-09-10,Flow,52.29999924,E
04FB001,2017-09-11,Flow,51,E
04FB001,2017-09-12,Flow,48.79999924,E
04FB001,2017-09-13,Flow,47.09999847,E
04FB001,2017-09-14,Flow,45.79999924,E
04FB001,2017-09-15,Flow,44.90000153,E
04FB001,2017-09-16,Flow,45.40000153,NA
04FB001,2017-09-17,Flow,46.40000153,NA
04FB001,2017-09-18,Flow,46.90000153,NA
04FB001,2017-09-19,Flow,45.20000076,NA
04FB001,2017-09-20,Flow,45,NA
04FB001,2017-09-21,Flow,44.79999924,NA
04FB001,2017-09-22,Flow,43.20000076,NA
04FB001,2017-09-23,Flow,44.5,NA
04FB001,2017-09-24,Flow,45.90000153,NA
04FB001,2017-09-25,Flow,54.79999924,NA
04FB001,2017-09-26,Flow,59.90000153,NA
04FB001,2017-09-27,Flow,69.30000305,NA
04FB001,2017-09-28,Flow,76.5,NA
04FB001,2017-09-29,Flow,82,NA
04FB001,2017-09-30,Flow,86.09999847,NA
04FB001,2017-10-01,Flow,88.30000305,NA
04FB001,2017-10-02,Flow,91,NA
04FB001,2017-10-03,Flow,91.69999695,NA
04FB001,2017-10-04,Flow,93.5,NA
04FB001,2017-10-05,Flow,93.19999695,NA
04FB001,2017-10-06,Flow,91.69999695,NA
04FB001,2017-10-07,Flow,88.90000153,NA
04FB001,2017-10-08,Flow,86.59999847,NA
04FB001,2017-10-09,Flow,83.19999695,NA
04FB001,2017-10-10,Flow,80.19999695,NA
04FB001,2017-10-11,Flow,77.30000305,NA
04FB001,2017-10-12,Flow,75.80000305,NA
04FB001,2017-10-13,Flow,75,NA
04FB001,2017-10-14,Flow,73.69999695,NA
04FB001,2017-10-15,Flow,73.30000305,NA
04FB001,2017-10-16,Flow,73.19999695,NA
04FB001,2017-10-17,Flow,73.59999847,NA
04FB001,2017-10-18,Flow,75.59999847,NA
04FB001,2017-10-19,Flow,75.80000305,NA
04FB001,2017-10-20,Flow,76.69999695,NA
04FB001,2017-10-21,Flow,78.19999695,NA
04FB001,2017-10-22,Flow,80.90000153,NA
04FB001,2017-10-23,Flow,82.19999695,NA
04FB001,2017-10-24,Flow,82.80000305,NA
04FB001,2017-10-25,Flow,84.40000153,NA
04FB001,2017-10-26,Flow,85.30000305,NA
04FB001,2017-10-27,Flow,86.40000153,NA
04FB001,2017-10-28,Flow,87.69999695,NA
04FB001,2017-10-29,Flow,88.69999695,NA
04FB001,2017-10-30,Flow,88.5,NA
04FB001,2017-10-31,Flow,89.59999847,NA
04FB001,2017-11-01,Flow,90.30000305,NA
04FB001,2017-11-02,Flow,90.80000305,NA
04FB001,2017-11-03,Flow,91.30000305,B
04FB001,2017-11-04,Flow,91.69999695,B
04FB001,2017-11-05,Flow,91.69999695,B
04FB001,2017-11-06,Flow,91.59999847,B
04FB001,2017-11-07,Flow,91.5,B
04FB001,2017-11-08,Flow,91.40000153,B
04FB001,2017-11-09,Flow,91.19999695,B
04FB001,2017-11-10,Flow,90.5,B
04FB001,2017-11-11,Flow,89.80000305,B
04FB001,2017-11-12,Flow,89,B
04FB001,2017-11-13,Flow,88.09999847,B
04FB001,2017-11-14,Flow,87.59999847,B
04FB001,2017-11-15,Flow,87.30000305,B
04FB001,2017-11-16,Flow,86.69999695,B
04FB001,2017-11-17,Flow,86,B
04FB001,2017-11-18,Flow,85.30000305,B
04FB001,2017-11-19,Flow,84.80000305,B
04FB001,2017-11-20,Flow,84.30000305,B
04FB001,2017-11-21,Flow,83.80000305,B
04FB001,2017-11-22,Flow,83.19999695,B
04FB001,2017-11-23,Flow,82.69999695,B
04FB001,2017-11-24,Flow,82.19999695,B
04FB001,2017-11-25,Flow,81.69999695,B
04FB001,2017-11-26,Flow,81.30000305,B
04FB001,2017-11-27,Flow,80.90000153,B
04FB001,2017-11-28,Flow,80.59999847,B
04FB001,2017-11-29,Flow,80.59999847,B
04FB001,2017-11-30,Flow,80.90000153,B
04FB001,2017-12-01,Flow,81.09999847,B
04FB001,2017-12-02,Flow,80.40000153,B
04FB001,2017-12-03,Flow,79.90000153,B
04FB001,2017-12-04,Flow,79.5,B
04FB001,2017-12-05,Flow,78.40000153,B
04FB001,2017-12-06,Flow,77.40000153,B
04FB001,2017-12-07,Flow,76.59999847,B
04FB001,2017-12-08,Flow,76,B
04FB001,2017-12-09,Flow,75.40000153,B
04FB001,2017-12-10,Flow,74.90000153,B
04FB001,2017-12-11,Flow,74.5,B
04FB001,2017-12-12,Flow,74,B
04FB001,2017-12-13,Flow,73.59999847,B
04FB001,2017-12-14,Flow,73.19999695,B
04FB001,2017-12-15,Flow,72.80000305,B
04FB001,2017-12-16,Flow,72.40000153,B
04FB001,2017-12-17,Flow,72,B
04FB001,2017-12-18,Flow,71.69999695,B
04FB001,2017-12-19,Flow,71.5,B
04FB001,2017-12-20,Flow,71.09999847,B
04FB001,2017-12-21,Flow,70.59999847,B
04FB001,2017-12-22,Flow,70.30000305,B
04FB001,2017-12-23,Flow,69.90000153,B
04FB001,2017-12-24,Flow,69.59999847,B
04FB001,2017-12-25,Flow,69.19999695,B
04FB001,2017-12-26,Flow,68.90000153,B
04FB001,2017-12-27,Flow,68.5,B
04FB001,2017-12-28,Flow,68.19999695,B
04FB001,2017-12-29,Flow,67.90000153,B
04FB001,2017-12-30,Flow,67.5,B
04FB001,2017-12-31,Flow,67.19999695,B
04FB001,2018-01-01,Flow,66.80000305,B
04FB001,2018-01-02,Flow,66.5,B
04FB001,2018-01-03,Flow,66.19999695,B
04FB001,2018-01-04,Flow,65.80000305,B
04FB001,2018-01-05,Flow,65.5,B
04FB001,2018-01-06,Flow,65.19999695,B
04FB001,2018-01-07,Flow,64.90000153,B
04FB001,2018-01-08,Flow,64.5,B
04FB001,2018-01-09,Flow,64.40000153,B
04FB001,2018-01-10,Flow,64.90000153,B
04FB001,2018-01-11,Flow,63.90000153,B
04FB001,2018-01-12,Flow,63.20000076,B
04FB001,2018-01-13,Flow,62.90000153,B
04FB001,2018-01-14,Flow,62.59999847,B
04FB001,2018-01-15,Flow,62.29999924,B
04FB001,2018-01-16,Flow,62,B
04FB001,2018-01-17,Flow,61.70000076,B
04FB001,2018-01-18,Flow,61.29999924,B
04FB001,2018-01-19,Flow,61,B
04FB001,2018-01-20,Flow,60.70000076,B
04FB001,2018-01-21,Flow,60.40000153,B
04FB001,2018-01-22,Flow,60.09999847,B
04FB001,2018-01-23,Flow,59.79999924,B
04FB001,2018-01-24,Flow,59.5,B
04FB001,2018-01-25,Flow,59.20000076,B
04FB001,2018-01-26,Flow,58.90000153,B
04FB001,2018-01-27,Flow,58.59999847,B
04FB001,2018-01-28,Flow,58.40000153,B
04FB001,2018-01-29,Flow,58.09999847,B
04FB001,2018-01-30,Flow,57.90000153,B
04FB001,2018-01-31,Flow,57.59999847,B
04FB001,2018-02-01,Flow,57.40000153,B
04FB001,2018-02-02,Flow,57.09999847,B
04FB001,2018-02-03,Flow,56.90000153,B
04FB001,2018-02-04,Flow,56.70000076,B
04FB001,2018-02-05,Flow,56.40000153,B
04FB001,2018-02-06,Flow,56.20000076,B
04FB001,2018-02-07,Flow,55.90000153,B
04FB001,2018-02-08,Flow,55.70000076,B
04FB001,2018-02-09,Flow,55.5,B
04FB001,2018-02-10,Flow,55.20000076,B
04FB001,2018-02-11,Flow,55,B
04FB001,2018-02-12,Flow,54.79999924,B
04FB001,2018-02-13,Flow,54.5,B
04FB001,2018-02-14,Flow,54.29999924,B
04FB001,2018-02-15,Flow,54.09999847,B
04FB001,2018-02-16,Flow,53.90000153,B
04FB001,2018-02-17,Flow,53.59999847,B
04FB001,2018-02-18,Flow,53.40000153,B
04FB001,2018-02-19,Flow,53.20000076,B
04FB001,2018-02-20,Flow,53,B
04FB001,2018-02-21,Flow,52.79999924,B
04FB001,2018-02-22,Flow,52.5,B
04FB001,2018-02-23,Flow,52.29999924,B
04FB001,2018-02-24,Flow,52.09999847,B
04FB001,2018-02-25,Flow,51.90000153,B
04FB001,2018-02-26,Flow,51.70000076,B
04FB001,2018-02-27,Flow,51.5,B
04FB001,2018-02-28,Flow,51.29999924,B
04FB001,2018-03-01,Flow,51.09999847,B
04FB001,2018-03-02,Flow,50.90000153,B
04FB001,2018-03-03,Flow,50.70000076,B
04FB001,2018-03-04,Flow,50.59999847,B
04FB001,2018-03-05,Flow,50.40000153,B
04FB001,2018-03-06,Flow,50.20000076,B
04FB001,2018-03-07,Flow,50,B
04FB001,2018-03-08,Flow,49.79999924,B
04FB001,2018-03-09,Flow,49.59999847,B
04FB001,2018-03-10,Flow,49.40000153,B
04FB001,2018-03-11,Flow,49.20000076,B
04FB001,2018-03-12,Flow,49,B
04FB001,2018-03-13,Flow,48.90000153,B
04FB001,2018-03-14,Flow,48.70000076,B
04FB001,2018-03-15,Flow,48.5,B
04FB001,2018-03-16,Flow,48.29999924,B
04FB001,2018-03-17,Flow,48.09999847,B
04FB001,2018-03-18,Flow,48,B
04FB001,2018-03-19,Flow,47.79999924,B
04FB001,2018-03-20,Flow,47.59999847,B
04FB001,2018-03-21,Flow,47.40000153,B
04FB001,2018-03-22,Flow,47.20000076,B
04FB001,2018-03-23,Flow,47,B
04FB001,2018-03-24,Flow,46.70000076,B
04FB001,2018-03-25,Flow,46.5,B
04FB001,2018-03-26,Flow,46.29999924,B
04FB001,2018-03-27,Flow,46.09999847,B
04FB001,2018-03-28,Flow,45.79999924,B
04FB001,2018-03-29,Flow,45.59999847,B
04FB001,2018-03-30,Flow,45.40000153,B
04FB001,2018-03-31,Flow,45.20000076,B
04FB001,2018-04-01,Flow,44.90000153,B
04FB001,2018-04-02,Flow,44.70000076,B
04FB001,2018-04-03,Flow,44.5,B
04FB001,2018-04-04,Flow,44.29999924,B
04FB001,2018-04-05,Flow,44.09999847,B
04FB001,2018-04-06,Flow,43.90000153,B
04FB001,2018-04-07,Flow,43.59999847,B
04FB001,2018-04-08,Flow,43.40000153,B
04FB001,2018-04-09,Flow,43.20000076,B
04FB001,2018-04-10,Flow,43,B
04FB001,2018-04-11,Flow,42.79999924,B
04FB001,2018-04-12,Flow,42.59999847,B
04FB001,2018-04-13,Flow,42.40000153,B
04FB001,2018-04-14,Flow,42.20000076,B
04FB001,2018-04-15,Flow,42,B
04FB001,2018-04-16,Flow,41.79999924,B
04FB001,2018-04-17,Flow,41.59999847,B
04FB001,2018-04-18,Flow,41.29999924,B
04FB001,2018-04-19,Flow,41.09999847,B
04FB001,2018-04-20,Flow,41.20000076,B
04FB001,2018-04-21,Flow,42.09999847,B
04FB001,2018-04-22,Flow,44.40000153,B
04FB001,2018-04-23,Flow,47.09999847,B
04FB001,2018-04-24,Flow,50.09999847,B
04FB001,2018-04-25,Flow,54,B
04FB001,2018-04-26,Flow,58.79999924,B
04FB001,2018-04-27,Flow,64.5,B
04FB001,2018-04-28,Flow,70.90000153,B
04FB001,2018-04-29,Flow,77.90000153,B
04FB001,2018-04-30,Flow,85.59999847,B
04FB001,2018-05-01,Flow,93.59999847,B
04FB001,2018-05-02,Flow,102,B
04FB001,2018-05-03,Flow,115,B
04FB001,2018-05-04,Flow,130,B
04FB001,2018-05-05,Flow,147,B
04FB001,2018-05-06,Flow,165,B
04FB001,2018-05-07,Flow,184,B
04FB001,2018-05-08,Flow,204,B
04FB001,2018-05-09,Flow,221,B
04FB001,2018-05-10,Flow,233,NA
04FB001,2018-05-11,Flow,248,NA
04FB001,2018-05-12,Flow,272,NA
04FB001,2018-05-13,Flow,307,NA
04FB001,2018-05-14,Flow,355,NA
04FB001,2018-05-15,Flow,418,NA
04FB001,2018-05-16,Flow,480,NA
04FB001,2018-05-17,Flow,530,NA
04FB001,2018-05-18,Flow,568,NA
04FB001,2018-05-19,Flow,615,NA
04FB001,2018-05-20,Flow,656,NA
04FB001,2018-05-21,Flow,679,NA
04FB001,2018-05-22,Flow,690,NA
04FB001,2018-05-23,Flow,696,NA
04FB001,2018-05-24,Flow,694,NA
04FB001,2018-05-25,Flow,688,NA
04FB001,2018-05-26,Flow,683,NA
04FB001,2018-05-27,Flow,677,NA
04FB001,2018-05-28,Flow,666,NA
04FB001,2018-05-29,Flow,659,NA
04FB001,2018-05-30,Flow,651,NA
04FB001,2018-05-31,Flow,647,NA
04FB001,2018-06-01,Flow,649,NA
04FB001,2018-06-02,Flow,640,NA
04FB001,2018-06-03,Flow,624,NA
04FB001,2018-06-04,Flow,626,NA
04FB001,2018-06-05,Flow,635,NA
04FB001,2018-06-06,Flow,639,NA
04FB001,2018-06-07,Flow,640,NA
04FB001,2018-06-08,Flow,636,NA
04FB001,2018-06-09,Flow,629,NA
04FB001,2018-06-10,Flow,618,NA
04FB001,2018-06-11,Flow,605,NA
04FB001,2018-06-12,Flow,589,NA
04FB001,2018-06-13,Flow,577,NA
04FB001,2018-06-14,Flow,571,NA
04FB001,2018-06-15,Flow,562,NA
04FB001,2018-06-16,Flow,549,NA
04FB001,2018-06-17,Flow,537,NA
04FB001,2018-06-18,Flow,525,NA
04FB001,2018-06-19,Flow,511,NA
04FB001,2018-06-20,Flow,493,NA
04FB001,2018-06-21,Flow,475,NA
04FB001,2018-06-22,Flow,454,NA
04FB001,2018-06-23,Flow,435,NA
04FB001,2018-06-24,Flow,416,NA
04FB001,2018-06-25,Flow,395,NA
04FB001,2018-06-26,Flow,375,NA
04FB001,2018-06-27,Flow,358,NA
04FB001,2018-06-28,Flow,348,NA
04FB001,2018-06-29,Flow,332,NA
04FB001,2018-06-30,Flow,314,NA
04FB001,2018-07-01,Flow,297,NA
04FB001,2018-07-02,Flow,284,NA
04FB001,2018-07-03,Flow,273,NA
04FB001,2018-07-04,Flow,263,NA
04FB001,2018-07-05,Flow,255,NA
04FB001,2018-07-06,Flow,241,NA
04FB001,2018-07-07,Flow,231,NA
04FB001,2018-07-08,Flow,226,NA
04FB001,2018-07-09,Flow,218,NA
04FB001,2018-07-10,Flow,211,NA
04FB001,2018-07-11,Flow,204,NA
04FB001,2018-07-12,Flow,197,NA
04FB001,2018-07-13,Flow,190,NA
04FB001,2018-07-14,Flow,182,NA
04FB001,2018-07-15,Flow,176,NA
04FB001,2018-07-16,Flow,170,NA
04FB001,2018-07-17,Flow,166,NA
04FB001,2018-07-18,Flow,161,NA
04FB001,2018-07-19,Flow,156,NA
04FB001,2018-07-20,Flow,156,NA
04FB001,2018-07-21,Flow,155,NA
04FB001,2018-07-22,Flow,154,NA
04FB001,2018-07-23,Flow,150,NA
04FB001,2018-07-24,Flow,147,NA
04FB001,2018-07-25,Flow,146,NA
04FB001,2018-07-26,Flow,143,NA
04FB001,2018-07-27,Flow,140,NA
04FB001,2018-07-28,Flow,137,NA
04FB001,2018-07-29,Flow,133,NA
04FB001,2018-07-30,Flow,129,NA
04FB001,2018-07-31,Flow,128,NA
04FB001,2018-08-01,Flow,129,NA
04FB001,2018-08-02,Flow,128,NA
04FB001,2018-08-03,Flow,125,NA
04FB001,2018-08-04,Flow,120,NA
04FB001,2018-08-05,Flow,118,NA
04FB001,2018-08-06,Flow,120,NA
04FB001,2018-08-07,Flow,121,NA
04FB001,2018-08-08,Flow,120,NA
04FB001,2018-08-09,Flow,118,NA
04FB001,2018-08-10,Flow,116,NA
04FB001,2018-08-11,Flow,114,NA
04FB001,2018-08-12,Flow,111,NA
04FB001,2018-08-13,Flow,109,NA
04FB001,2018-08-14,Flow,107,NA
04FB001,2018-08-15,Flow,105,NA
04FB001,2018-08-16,Flow,102,NA
04FB001,2018-08-17,Flow,99.40000153,NA
04FB001,2018-08-18,Flow,97.40000153,NA
04FB001,2018-08-19,Flow,94.90000153,NA
04FB001,2018-08-20,Flow,93.59999847,NA
04FB001,2018-08-21,Flow,92,NA
04FB001,2018-08-22,Flow,90.90000153,NA
04FB001,2018-08-23,Flow,88.80000305,NA
04FB001,2018-08-24,Flow,87,NA
04FB001,2018-08-25,Flow,85.19999695,NA
04FB001,2018-08-26,Flow,83.59999847,NA
04FB001,2018-08-27,Flow,81.30000305,NA
04FB001,2018-08-28,Flow,80.59999847,NA
04FB001,2018-08-29,Flow,78.90000153,NA
04FB001,2018-08-30,Flow,77.90000153,NA
04FB001,2018-08-31,Flow,77.09999847,NA
04FB001,2018-09-01,Flow,76.80000305,NA
04FB001,2018-09-02,Flow,76.19999695,NA
04FB001,2018-09-03,Flow,75.09999847,NA
04FB001,2018-09-04,Flow,74.30000305,NA
04FB001,2018-09-05,Flow,73.69999695,NA
04FB001,2018-09-06,Flow,71.80000305,NA
04FB001,2018-09-07,Flow,69.40000153,NA
04FB001,2018-09-08,Flow,67.69999695,NA
04FB001,2018-09-09,Flow,66.5,NA
04FB001,2018-09-10,Flow,64.69999695,NA
04FB001,2018-09-11,Flow,64,NA
04FB001,2018-09-12,Flow,65.80000305,NA
04FB001,2018-09-13,Flow,65.40000153,NA
04FB001,2018-09-14,Flow,67.40000153,NA
04FB001,2018-09-15,Flow,66.59999847,NA
04FB001,2018-09-16,Flow,68.5,NA
04FB001,2018-09-17,Flow,96.09999847,NA
04FB001,2018-09-18,Flow,122,NA
04FB001,2018-09-19,Flow,138,NA
04FB001,2018-09-20,Flow,149,NA
04FB001,2018-09-21,Flow,159,NA
04FB001,2018-09-22,Flow,174,NA
04FB001,2018-09-23,Flow,186,NA
04FB001,2018-09-24,Flow,203,NA
04FB001,2018-09-25,Flow,248,NA
04FB001,2018-09-26,Flow,292,NA
04FB001,2018-09-27,Flow,331,NA
04FB001,2018-09-28,Flow,364,NA
04FB001,2018-09-29,Flow,392,NA
04FB001,2018-09-30,Flow,415,NA
04FB001,2018-10-01,Flow,435,NA
04FB001,2018-10-02,Flow,453,NA
04FB001,2018-10-03,Flow,474,NA
04FB001,2018-10-04,Flow,506,NA
04FB001,2018-10-05,Flow,524,NA
04FB001,2018-10-06,Flow,538,NA
04FB001,2018-10-07,Flow,544,NA
04FB001,2018-10-08,Flow,545,NA
04FB001,2018-10-09,Flow,547,NA
04FB001,2018-10-10,Flow,546,NA
04FB001,2018-10-11,Flow,557,NA
04FB001,2018-10-12,Flow,569,NA
04FB001,2018-10-13,Flow,567,NA
04FB001,2018-10-14,Flow,565,NA
04FB001,2018-10-15,Flow,561,NA
04FB001,2018-10-16,Flow,556,NA
04FB001,2018-10-17,Flow,550,NA
04FB001,2018-10-18,Flow,543,NA
04FB001,2018-10-19,Flow,536,NA
04FB001,2018-10-20,Flow,527,NA
04FB001,2018-10-21,Flow,517,NA
04FB001,2018-10-22,Flow,507,NA
04FB001,2018-10-23,Flow,495,NA
04FB001,2018-10-24,Flow,483,NA
04FB001,2018-10-25,Flow,469,NA
04FB001,2018-10-26,Flow,456,NA
04FB001,2018-10-27,Flow,441,NA
04FB001,2018-10-28,Flow,426,NA
04FB001,2018-10-29,Flow,414,NA
04FB001,2018-10-30,Flow,404,NA
04FB001,2018-10-31,Flow,397,NA
04FB001,2018-11-01,Flow,389,NA
04FB001,2018-11-02,Flow,382,NA
04FB001,2018-11-03,Flow,377,NA
04FB001,2018-11-04,Flow,370,NA
04FB001,2018-11-05,Flow,362,NA
04FB001,2018-11-06,Flow,356,B
04FB001,2018-11-07,Flow,347,B
04FB001,2018-11-08,Flow,338,B
04FB001,2018-11-09,Flow,329,B
04FB001,2018-11-10,Flow,324,B
04FB001,2018-11-11,Flow,320,B
04FB001,2018-11-12,Flow,316,B
04FB001,2018-11-13,Flow,311,B
04FB001,2018-11-14,Flow,307,B
04FB001,2018-11-15,Flow,303,B
04FB001,2018-11-16,Flow,299,B
04FB001,2018-11-17,Flow,295,B
04FB001,2018-11-18,Flow,291,B
04FB001,2018-11-19,Flow,287,B
04FB001,2018-11-20,Flow,283,B
04FB001,2018-11-21,Flow,279,B
04FB001,2018-11-22,Flow,276,B
04FB001,2018-11-23,Flow,281,B
04FB001,2018-11-24,Flow,280,B
04FB001,2018-11-25,Flow,265,B
04FB001,2018-11-26,Flow,261,B
04FB001,2018-11-27,Flow,258,B
04FB001,2018-11-28,Flow,254,B
04FB001,2018-11-29,Flow,251,B
04FB001,2018-11-30,Flow,247,B
04FB001,2018-12-01,Flow,244,B
04FB001,2018-12-02,Flow,241,B
04FB001,2018-12-03,Flow,238,B
04FB001,2018-12-04,Flow,234,B
04FB001,2018-12-05,Flow,231,B
04FB001,2018-12-06,Flow,228,B
04FB001,2018-12-07,Flow,225,B
04FB001,2018-12-08,Flow,222,B
04FB001,2018-12-09,Flow,219,B
04FB001,2018-12-10,Flow,215,B
04FB001,2018-12-11,Flow,217,B
04FB001,2018-12-12,Flow,223,B
04FB001,2018-12-13,Flow,228,B
04FB001,2018-12-14,Flow,228,B
04FB001,2018-12-15,Flow,221,B
04FB001,2018-12-16,Flow,207,B
04FB001,2018-12-17,Flow,200,B
04FB001,2018-12-18,Flow,204,B
04FB001,2018-12-19,Flow,205,B
04FB001,2018-12-20,Flow,198,B
04FB001,2018-12-21,Flow,186,B
04FB001,2018-12-22,Flow,177,B
04FB001,2018-12-23,Flow,174,B
04FB001,2018-12-24,Flow,171,B
04FB001,2018-12-25,Flow,168,B
04FB001,2018-12-26,Flow,166,B
04FB001,2018-12-27,Flow,163,B
04FB001,2018-12-28,Flow,160,B
04FB001,2018-12-29,Flow,158,B
04FB001,2018-12-30,Flow,155,B
04FB001,2018-12-31,Flow,153,B
04FB001,2019-01-01,Flow,150,B
04FB001,2019-01-02,Flow,148,B
04FB001,2019-01-03,Flow,145,B
04FB001,2019-01-04,Flow,143,B
04FB001,2019-01-05,Flow,141,B
04FB001,2019-01-06,Flow,138,B
04FB001,2019-01-07,Flow,136,B
04FB001,2019-01-08,Flow,134,B
04FB001,2019-01-09,Flow,132,B
04FB001,2019-01-10,Flow,130,B
04FB001,2019-01-11,Flow,128,B
04FB001,2019-01-12,Flow,125,B
04FB001,2019-01-13,Flow,123,B
04FB001,2019-01-14,Flow,121,B
04FB001,2019-01-15,Flow,119,B
04FB001,2019-01-16,Flow,118,B
04FB001,2019-01-17,Flow,116,B
04FB001,2019-01-18,Flow,114,B
04FB001,2019-01-19,Flow,112,B
04FB001,2019-01-20,Flow,110,B
04FB001,2019-01-21,Flow,108,B
04FB001,2019-01-22,Flow,107,B
04FB001,2019-01-23,Flow,105,B
04FB001,2019-01-24,Flow,103,B
04FB001,2019-01-25,Flow,101,B
04FB001,2019-01-26,Flow,99.80000305,B
04FB001,2019-01-27,Flow,98.19999695,B
04FB001,2019-01-28,Flow,96.59999847,B
04FB001,2019-01-29,Flow,95.09999847,B
04FB001,2019-01-30,Flow,93.5,B
04FB001,2019-01-31,Flow,92,B
04FB001,2019-02-01,Flow,90.5,B
04FB001,2019-02-02,Flow,89,B
04FB001,2019-02-03,Flow,87.59999847,B
04FB001,2019-02-04,Flow,86.19999695,B
04FB001,2019-02-05,Flow,84.80000305,B
04FB001,2019-02-06,Flow,83.40000153,B
04FB001,2019-02-07,Flow,82.09999847,B
04FB001,2019-02-08,Flow,80.69999695,B
04FB001,2019-02-09,Flow,79.40000153,B
04FB001,2019-02-10,Flow,78.09999847,B
04FB001,2019-02-11,Flow,76.90000153,B
04FB001,2019-02-12,Flow,75.59999847,B
04FB001,2019-02-13,Flow,74.40000153,B
04FB001,2019-02-14,Flow,73.19999695,B
04FB001,2019-02-15,Flow,72,B
04FB001,2019-02-16,Flow,70.80000305,B
04FB001,2019-02-17,Flow,69.69999695,B
04FB001,2019-02-18,Flow,68.59999847,B
04FB001,2019-02-19,Flow,67.5,B
04FB001,2019-02-20,Flow,66.40000153,B
04FB001,2019-02-21,Flow,65.30000305,B
04FB001,2019-02-22,Flow,64.19999695,B
04FB001,2019-02-23,Flow,63.20000076,B
04FB001,2019-02-24,Flow,62.20000076,B
04FB001,2019-02-25,Flow,61.20000076,B
04FB001,2019-02-26,Flow,60.20000076,B
04FB001,2019-02-27,Flow,59.20000076,B
04FB001,2019-02-28,Flow,58.20000076,B
04FB001,2019-03-01,Flow,57.29999924,B
04FB001,2019-03-02,Flow,56.40000153,B
04FB001,2019-03-03,Flow,55.5,B
04FB001,2019-03-04,Flow,54.59999847,B
04FB001,2019-03-05,Flow,53.70000076,B
04FB001,2019-03-06,Flow,52.79999924,B
04FB001,2019-03-07,Flow,51.90000153,B
04FB001,2019-03-08,Flow,51.09999847,B
04FB001,2019-03-09,Flow,50.29999924,B
04FB001,2019-03-10,Flow,49.5,B
04FB001,2019-03-11,Flow,48.70000076,B
04FB001,2019-03-12,Flow,48.20000076,B
04FB001,2019-03-13,Flow,48.09999847,B
04FB001,2019-03-14,Flow,48.40000153,B
04FB001,2019-03-15,Flow,48.5,B
04FB001,2019-03-16,Flow,48.29999924,B
04FB001,2019-03-17,Flow,48,B
04FB001,2019-03-18,Flow,47.59999847,B
04FB001,2019-03-19,Flow,47.09999847,B
04FB001,2019-03-20,Flow,46.70000076,B
04FB001,2019-03-21,Flow,46.29999924,B
04FB001,2019-03-22,Flow,46,B
04FB001,2019-03-23,Flow,45.79999924,B
04FB001,2019-03-24,Flow,45.5,B
04FB001,2019-03-25,Flow,45.29999924,B
04FB001,2019-03-26,Flow,45.09999847,B
04FB001,2019-03-27,Flow,45,B
04FB001,2019-03-28,Flow,44.79999924,B
04FB001,2019-03-29,Flow,44.59999847,B
04FB001,2019-03-30,Flow,44.40000153,B
04FB001,2019-03-31,Flow,44.20000076,B
04FB001,2019-04-01,Flow,44,B
04FB001,2019-04-02,Flow,43.79999924,B
04FB001,2019-04-03,Flow,43.5,B
04FB001,2019-04-04,Flow,43.20000076,B
04FB001,2019-04-05,Flow,42.90000153,B
04FB001,2019-04-06,Flow,42.59999847,B
04FB001,2019-04-07,Flow,42.29999924,B
04FB001,2019-04-08,Flow,42,B
04FB001,2019-04-09,Flow,41.70000076,B
04FB001,2019-04-10,Flow,41.5,B
04FB001,2019-04-11,Flow,41.20000076,B
04FB001,2019-04-12,Flow,41,B
04FB001,2019-04-13,Flow,41,B
04FB001,2019-04-14,Flow,41.09999847,B
04FB001,2019-04-15,Flow,41.09999847,B
04FB001,2019-04-16,Flow,41.20000076,B
04FB001,2019-04-17,Flow,42.70000076,B
04FB001,2019-04-18,Flow,45.40000153,B
04FB001,2019-04-19,Flow,48.40000153,B
04FB001,2019-04-20,Flow,51.79999924,B
04FB001,2019-04-21,Flow,55.70000076,B
04FB001,2019-04-22,Flow,60,B
04FB001,2019-04-23,Flow,64.80000305,B
04FB001,2019-04-24,Flow,70.19999695,B
04FB001,2019-04-25,Flow,76.30000305,B
04FB001,2019-04-26,Flow,82.90000153,B
04FB001,2019-04-27,Flow,90.40000153,B
04FB001,2019-04-28,Flow,98.59999847,B
04FB001,2019-04-29,Flow,108,B
04FB001,2019-04-30,Flow,118,B
04FB001,2019-05-01,Flow,129,B
04FB001,2019-05-02,Flow,141,B
04FB001,2019-05-03,Flow,155,B
04FB001,2019-05-04,Flow,169,B
04FB001,2019-05-05,Flow,187,B
04FB001,2019-05-06,Flow,208,B
04FB001,2019-05-07,Flow,231,B
04FB001,2019-05-08,Flow,255,B
04FB001,2019-05-09,Flow,283,B
04FB001,2019-05-10,Flow,322,B
04FB001,2019-05-11,Flow,366,NA
04FB001,2019-05-12,Flow,410,NA
04FB001,2019-05-13,Flow,458,NA
04FB001,2019-05-14,Flow,501,NA
04FB001,2019-05-15,Flow,536,NA
04FB001,2019-05-16,Flow,566,NA
04FB001,2019-05-17,Flow,592,NA
04FB001,2019-05-18,Flow,607,NA
04FB001,2019-05-19,Flow,616,NA
04FB001,2019-05-20,Flow,621,NA
04FB001,2019-05-21,Flow,623,NA
04FB001,2019-05-22,Flow,622,NA
04FB001,2019-05-23,Flow,618,NA
04FB001,2019-05-24,Flow,616,NA
04FB001,2019-05-25,Flow,615,NA
04FB001,2019-05-26,Flow,619,NA
04FB001,2019-05-27,Flow,615,NA
04FB001,2019-05-28,Flow,604,NA
04FB001,2019-05-29,Flow,590,NA
04FB001,2019-05-30,Flow,576,NA
04FB001,2019-05-31,Flow,560,NA
04FB001,2019-06-01,Flow,545,NA
04FB001,2019-06-02,Flow,536,NA
04FB001,2019-06-03,Flow,524,NA
04FB001,2019-06-04,Flow,506,NA
04FB001,2019-06-05,Flow,488,NA
04FB001,2019-06-06,Flow,469,NA
04FB001,2019-06-07,Flow,450,NA
04FB001,2019-06-08,Flow,433,NA
04FB001,2019-06-09,Flow,415,NA
04FB001,2019-06-10,Flow,399,NA
04FB001,2019-06-11,Flow,389,NA
04FB001,2019-06-12,Flow,379,NA
04FB001,2019-06-13,Flow,366,NA
04FB001,2019-06-14,Flow,353,NA
04FB001,2019-06-15,Flow,340,NA
04FB001,2019-06-16,Flow,329,NA
04FB001,2019-06-17,Flow,316,NA
04FB001,2019-06-18,Flow,304,NA
04FB001,2019-06-19,Flow,293,NA
04FB001,2019-06-20,Flow,282,NA
04FB001,2019-06-21,Flow,273,NA
04FB001,2019-06-22,Flow,264,NA
04FB001,2019-06-23,Flow,255,NA
04FB001,2019-06-24,Flow,248,NA
04FB001,2019-06-25,Flow,249,NA
04FB001,2019-06-26,Flow,260,NA
04FB001,2019-06-27,Flow,266,NA
04FB001,2019-06-28,Flow,264,NA
04FB001,2019-06-29,Flow,260,NA
04FB001,2019-06-30,Flow,256,NA
04FB001,2019-07-01,Flow,250,NA
04FB001,2019-07-02,Flow,244,NA
04FB001,2019-07-03,Flow,239,NA
04FB001,2019-07-04,Flow,237,NA
04FB001,2019-07-05,Flow,236,NA
04FB001,2019-07-06,Flow,231,NA
04FB001,2019-07-07,Flow,226,NA
04FB001,2019-07-08,Flow,220,NA
04FB001,2019-07-09,Flow,213,NA
04FB001,2019-07-10,Flow,210,NA
04FB001,2019-07-11,Flow,208,NA
04FB001,2019-07-12,Flow,207,NA
04FB001,2019-07-13,Flow,206,NA
04FB001,2019-07-14,Flow,205,NA
04FB001,2019-07-15,Flow,205,NA
04FB001,2019-07-16,Flow,219,NA
04FB001,2019-07-17,Flow,233,NA
04FB001,2019-07-18,Flow,244,NA
04FB001,2019-07-19,Flow,254,NA
04FB001,2019-07-20,Flow,263,NA
04FB001,2019-07-21,Flow,275,NA
04FB001,2019-07-22,Flow,285,NA
04FB001,2019-07-23,Flow,297,NA
04FB001,2019-07-24,Flow,312,NA
04FB001,2019-07-25,Flow,326,NA
04FB001,2019-07-26,Flow,337,NA
04FB001,2019-07-27,Flow,347,NA
04FB001,2019-07-28,Flow,358,NA
04FB001,2019-07-29,Flow,365,NA
04FB001,2019-07-30,Flow,369,NA
04FB001,2019-07-31,Flow,370,NA
04FB001,2019-08-01,Flow,368,NA
04FB001,2019-08-02,Flow,360,NA
04FB001,2019-08-03,Flow,351,NA
04FB001,2019-08-04,Flow,343,NA
04FB001,2019-08-05,Flow,340,NA
04FB001,2019-08-06,Flow,331,NA
04FB001,2019-08-07,Flow,322,NA
04FB001,2019-08-08,Flow,311,NA
04FB001,2019-08-09,Flow,300,NA
04FB001,2019-08-10,Flow,290,NA
04FB001,2019-08-11,Flow,280,NA
04FB001,2019-08-12,Flow,268,NA
04FB001,2019-08-13,Flow,258,NA
04FB001,2019-08-14,Flow,249,NA
04FB001,2019-08-15,Flow,240,NA
04FB001,2019-08-16,Flow,232,NA
04FB001,2019-08-17,Flow,227,NA
04FB001,2019-08-18,Flow,222,NA
04FB001,2019-08-19,Flow,218,NA
04FB001,2019-08-20,Flow,213,NA
04FB001,2019-08-21,Flow,207,NA
04FB001,2019-08-22,Flow,202,NA
04FB001,2019-08-23,Flow,197,NA
04FB001,2019-08-24,Flow,191,NA
04FB001,2019-08-25,Flow,185,NA
04FB001,2019-08-26,Flow,177,NA
04FB001,2019-08-27,Flow,173,NA
04FB001,2019-08-28,Flow,172,NA
04FB001,2019-08-29,Flow,170,NA
04FB001,2019-08-30,Flow,166,NA
04FB001,2019-08-31,Flow,163,NA
04FB001,2019-09-01,Flow,160,NA
04FB001,2019-09-02,Flow,156,NA
04FB001,2019-09-03,Flow,151,NA
04FB001,2019-09-04,Flow,147,NA
04FB001,2019-09-05,Flow,143,NA
04FB001,2019-09-06,Flow,140,NA
04FB001,2019-09-07,Flow,137,NA
04FB001,2019-09-08,Flow,134,NA
04FB001,2019-09-09,Flow,131,NA
04FB001,2019-09-10,Flow,129,NA
04FB001,2019-09-11,Flow,129,NA
04FB001,2019-09-12,Flow,128,NA
04FB001,2019-09-13,Flow,126,NA
04FB001,2019-09-14,Flow,128,NA
04FB001,2019-09-15,Flow,127,NA
04FB001,2019-09-16,Flow,126,NA
04FB001,2019-09-17,Flow,126,NA
04FB001,2019-09-18,Flow,126,NA
04FB001,2019-09-19,Flow,126,NA
04FB001,2019-09-20,Flow,126,NA
04FB001,2019-09-21,Flow,126,NA
04FB001,2019-09-22,Flow,127,NA
04FB001,2019-09-23,Flow,128,NA
04FB001,2019-09-24,Flow,131,NA
04FB001,2019-09-25,Flow,136,NA
04FB001,2019-09-26,Flow,140,NA
04FB001,2019-09-27,Flow,142,NA
04FB001,2019-09-28,Flow,144,NA
04FB001,2019-09-29,Flow,145,NA
04FB001,2019-09-30,Flow,147,NA
04FB001,2019-10-01,Flow,157,NA
04FB001,2019-10-02,Flow,168,NA
04FB001,2019-10-03,Flow,176,NA
04FB001,2019-10-04,Flow,181,NA
04FB001,2019-10-05,Flow,186,NA
04FB001,2019-10-06,Flow,195,NA
04FB001,2019-10-07,Flow,205,NA
04FB001,2019-10-08,Flow,215,NA
04FB001,2019-10-09,Flow,224,NA
04FB001,2019-10-10,Flow,232,NA
04FB001,2019-10-11,Flow,245,NA
04FB001,2019-10-12,Flow,269,NA
04FB001,2019-10-13,Flow,291,NA
04FB001,2019-10-14,Flow,318,NA
04FB001,2019-10-15,Flow,346,NA
04FB001,2019-10-16,Flow,372,NA
04FB001,2019-10-17,Flow,396,NA
04FB001,2019-10-18,Flow,417,NA
04FB001,2019-10-19,Flow,435,NA
04FB001,2019-10-20,Flow,451,NA
04FB001,2019-10-21,Flow,465,NA
04FB001,2019-10-22,Flow,483,NA
04FB001,2019-10-23,Flow,508,NA
04FB001,2019-10-24,Flow,525,NA
04FB001,2019-10-25,Flow,538,NA
04FB001,2019-10-26,Flow,545,NA
04FB001,2019-10-27,Flow,544,NA
04FB001,2019-10-28,Flow,543,NA
04FB001,2019-10-29,Flow,542,NA
04FB001,2019-10-30,Flow,540,NA
04FB001,2019-10-31,Flow,534,NA
04FB001,2019-11-01,Flow,530,NA
04FB001,2019-11-02,Flow,526,NA
04FB001,2019-11-03,Flow,518,NA
04FB001,2019-11-04,Flow,511,NA
04FB001,2019-11-05,Flow,505,NA
04FB001,2019-11-06,Flow,490,B
04FB001,2019-11-07,Flow,444,B
04FB001,2019-11-08,Flow,436,B
04FB001,2019-11-09,Flow,433,B
04FB001,2019-11-10,Flow,425,B
04FB001,2019-11-11,Flow,419,B
04FB001,2019-11-12,Flow,419,B
04FB001,2019-11-13,Flow,423,B
04FB001,2019-11-14,Flow,420,B
04FB001,2019-11-15,Flow,411,B
04FB001,2019-11-16,Flow,394,B
04FB001,2019-11-17,Flow,375,B
04FB001,2019-11-18,Flow,358,B
04FB001,2019-11-19,Flow,339,B
04FB001,2019-11-20,Flow,322,B
04FB001,2019-11-21,Flow,308,B
04FB001,2019-11-22,Flow,294,B
04FB001,2019-11-23,Flow,301,B
04FB001,2019-11-24,Flow,310,B
04FB001,2019-11-25,Flow,311,B
04FB001,2019-11-26,Flow,304,B
04FB001,2019-11-27,Flow,298,B
04FB001,2019-11-28,Flow,297,B
04FB001,2019-11-29,Flow,292,B
04FB001,2019-11-30,Flow,288,B
04FB001,2019-12-01,Flow,283,B
04FB001,2019-12-02,Flow,270,B
04FB001,2019-12-03,Flow,269,B
04FB001,2019-12-04,Flow,275,B
04FB001,2019-12-05,Flow,273,B
04FB001,2019-12-06,Flow,268,B
04FB001,2019-12-07,Flow,268,B
04FB001,2019-12-08,Flow,259,B
04FB001,2019-12-09,Flow,250,B
04FB001,2019-12-10,Flow,241,B
04FB001,2019-12-11,Flow,237,B
04FB001,2019-12-12,Flow,232,B
04FB001,2019-12-13,Flow,225,B
04FB001,2019-12-14,Flow,221,B
04FB001,2019-12-15,Flow,217,B
04FB001,2019-12-16,Flow,213,B
04FB001,2019-12-17,Flow,209,B
04FB001,2019-12-18,Flow,206,B
04FB001,2019-12-19,Flow,202,B
04FB001,2019-12-20,Flow,198,B
04FB001,2019-12-21,Flow,194,B
04FB001,2019-12-22,Flow,190,B
04FB001,2019-12-23,Flow,186,B
04FB001,2019-12-24,Flow,183,B
04FB001,2019-12-25,Flow,179,B
04FB001,2019-12-26,Flow,175,B
04FB001,2019-12-27,Flow,171,B
04FB001,2019-12-28,Flow,167,B
04FB001,2019-12-29,Flow,164,B
04FB001,2019-12-30,Flow,161,B
04FB001,2019-12-31,Flow,159,B
04FB001,2020-01-01,Flow,157,B
04FB001,2020-01-02,Flow,155,B
04FB001,2020-01-03,Flow,153,B
04FB001,2020-01-04,Flow,151,B
04FB001,2020-01-05,Flow,149,B
04FB001,2020-01-06,Flow,147,B
04FB001,2020-01-07,Flow,145,B
04FB001,2020-01-08,Flow,143,B
04FB001,2020-01-09,Flow,141,B
04FB001,2020-01-10,Flow,139,B
04FB001,2020-01-11,Flow,137,B
04FB001,2020-01-12,Flow,135,B
04FB001,2020-01-13,Flow,133,B
04FB001,2020-01-14,Flow,131,B
04FB001,2020-01-15,Flow,129,B
04FB001,2020-01-16,Flow,127,B
04FB001,2020-01-17,Flow,125,B
04FB001,2020-01-18,Flow,123,B
04FB001,2020-01-19,Flow,121,B
04FB001,2020-01-20,Flow,120,B
04FB001,2020-01-21,Flow,118,B
04FB001,2020-01-22,Flow,117,B
04FB001,2020-01-23,Flow,115,B
04FB001,2020-01-24,Flow,113,B
04FB001,2020-01-25,Flow,111,B
04FB001,2020-01-26,Flow,109,B
04FB001,2020-01-27,Flow,107,B
04FB001,2020-01-28,Flow,106,B
04FB001,2020-01-29,Flow,104,B
04FB001,2020-01-30,Flow,102,B
04FB001,2020-01-31,Flow,99.90000153,B
04FB001,2020-02-01,Flow,98,B
04FB001,2020-02-02,Flow,96.69999695,B
04FB001,2020-02-03,Flow,95.5,B
04FB001,2020-02-04,Flow,94.30000305,B
04FB001,2020-02-05,Flow,93.09999847,B
04FB001,2020-02-06,Flow,91.90000153,B
04FB001,2020-02-07,Flow,90.80000305,B
04FB001,2020-02-08,Flow,89.59999847,B
04FB001,2020-02-09,Flow,88.40000153,B
04FB001,2020-02-10,Flow,87.19999695,B
04FB001,2020-02-11,Flow,86,B
04FB001,2020-02-12,Flow,84.80000305,B
04FB001,2020-02-13,Flow,83.69999695,B
04FB001,2020-02-14,Flow,82.5,B
04FB001,2020-02-15,Flow,81.30000305,B
04FB001,2020-02-16,Flow,80.09999847,B
04FB001,2020-02-17,Flow,79.19999695,B
04FB001,2020-02-18,Flow,78.5,B
04FB001,2020-02-19,Flow,77.80000305,B
04FB001,2020-02-20,Flow,77.30000305,B
04FB001,2020-02-21,Flow,78.19999695,B
04FB001,2020-02-22,Flow,78.40000153,B
04FB001,2020-02-23,Flow,77.19999695,B
04FB001,2020-02-24,Flow,75.80000305,B
04FB001,2020-02-25,Flow,74.90000153,B
04FB001,2020-02-26,Flow,73.90000153,B
04FB001,2020-02-27,Flow,72.69999695,B
04FB001,2020-02-28,Flow,71.90000153,B
04FB001,2020-02-29,Flow,71.19999695,B
04FB001,2020-03-01,Flow,70.19999695,B
04FB001,2020-03-02,Flow,69.30000305,B
04FB001,2020-03-03,Flow,68.59999847,B
04FB001,2020-03-04,Flow,67.90000153,B
04FB001,2020-03-05,Flow,67.19999695,B
04FB001,2020-03-06,Flow,66.5,B
04FB001,2020-03-07,Flow,65.80000305,B
04FB001,2020-03-08,Flow,65.09999847,B
04FB001,2020-03-09,Flow,64.40000153,B
04FB001,2020-03-10,Flow,63.70000076,B
04FB001,2020-03-11,Flow,63,B
04FB001,2020-03-12,Flow,62.29999924,B
04FB001,2020-03-13,Flow,61.59999847,B
04FB001,2020-03-14,Flow,60.90000153,B
04FB001,2020-03-15,Flow,60.20000076,B
04FB001,2020-03-16,Flow,59.5,B
04FB001,2020-03-17,Flow,58.79999924,B
04FB001,2020-03-18,Flow,58.09999847,B
04FB001,2020-03-19,Flow,57.5,B
04FB001,2020-03-20,Flow,56.90000153,B
04FB001,2020-03-21,Flow,56.20000076,B
04FB001,2020-03-22,Flow,55.59999847,B
04FB001,2020-03-23,Flow,55,B
04FB001,2020-03-24,Flow,54.79999924,B
04FB001,2020-03-25,Flow,55,B
04FB001,2020-03-26,Flow,55.40000153,B
04FB001,2020-03-27,Flow,55.79999924,B
04FB001,2020-03-28,Flow,56.09999847,B
04FB001,2020-03-29,Flow,56.20000076,B
04FB001,2020-03-30,Flow,56.5,B
04FB001,2020-03-31,Flow,56.90000153,B
04FB001,2020-04-01,Flow,56.90000153,B
04FB001,2020-04-02,Flow,56.90000153,B
04FB001,2020-04-03,Flow,56.59999847,B
04FB001,2020-04-04,Flow,56.20000076,B
04FB001,2020-04-05,Flow,55.5,B
04FB001,2020-04-06,Flow,54.5,B
04FB001,2020-04-07,Flow,53.5,B
04FB001,2020-04-08,Flow,52.5,B
04FB001,2020-04-09,Flow,51.40000153,B
04FB001,2020-04-10,Flow,50.09999847,B
04FB001,2020-04-11,Flow,48.70000076,B
04FB001,2020-04-12,Flow,47.59999847,B
04FB001,2020-04-13,Flow,46.70000076,B
04FB001,2020-04-14,Flow,45.70000076,B
04FB001,2020-04-15,Flow,44.5,B
04FB001,2020-04-16,Flow,43.40000153,B
04FB001,2020-04-17,Flow,42.59999847,B
04FB001,2020-04-18,Flow,42.09999847,B
04FB001,2020-04-19,Flow,41.59999847,B
04FB001,2020-04-20,Flow,41,B
04FB001,2020-04-21,Flow,40.40000153,B
04FB001,2020-04-22,Flow,40,B
04FB001,2020-04-23,Flow,39.70000076,B
04FB001,2020-04-24,Flow,39.79999924,B
04FB001,2020-04-25,Flow,40.20000076,B
04FB001,2020-04-26,Flow,40.59999847,B
04FB001,2020-04-27,Flow,41.20000076,B
04FB001,2020-04-28,Flow,41.90000153,B
04FB001,2020-04-29,Flow,42.59999847,B
04FB001,2020-04-30,Flow,42.90000153,B
04FB001,2020-05-01,Flow,43.20000076,B
04FB001,2020-05-02,Flow,43.40000153,B
04FB001,2020-05-03,Flow,43.40000153,B
04FB001,2020-05-04,Flow,43.29999924,B
04FB001,2020-05-05,Flow,43,B
04FB001,2020-05-06,Flow,42.5,B
04FB001,2020-05-07,Flow,42.40000153,B
04FB001,2020-05-08,Flow,42.90000153,B
04FB001,2020-05-09,Flow,44.09999847,B
04FB001,2020-05-10,Flow,45.70000076,B
04FB001,2020-05-11,Flow,47.79999924,B
04FB001,2020-05-12,Flow,51,B
04FB001,2020-05-13,Flow,56.5,B
04FB001,2020-05-14,Flow,63.29999924,B
04FB001,2020-05-15,Flow,74.5,B
04FB001,2020-05-16,Flow,95.59999847,B
04FB001,2020-05-17,Flow,123,B
04FB001,2020-05-18,Flow,156,B
04FB001,2020-05-19,Flow,190,B
04FB001,2020-05-20,Flow,223,B
04FB001,2020-05-21,Flow,255,NA
04FB001,2020-05-22,Flow,284,NA
04FB001,2020-05-23,Flow,311,NA
04FB001,2020-05-24,Flow,337,NA
04FB001,2020-05-25,Flow,363,NA
04FB001,2020-05-26,Flow,388,NA
04FB001,2020-05-27,Flow,426,NA
04FB001,2020-05-28,Flow,459,NA
04FB001,2020-05-29,Flow,479,NA
04FB001,2020-05-30,Flow,497,NA
04FB001,2020-05-31,Flow,507,NA
04FB001,2020-06-01,Flow,514,NA
04FB001,2020-06-02,Flow,530,NA
04FB001,2020-06-03,Flow,544,NA
04FB001,2020-06-04,Flow,552,NA
04FB001,2020-06-05,Flow,561,NA
04FB001,2020-06-06,Flow,567,NA
04FB001,2020-06-07,Flow,569,NA
04FB001,2020-06-08,Flow,575,NA
04FB001,2020-06-09,Flow,592,NA
04FB001,2020-06-10,Flow,620,NA
04FB001,2020-06-11,Flow,657,NA
04FB001,2020-06-12,Flow,694,NA
04FB001,2020-06-13,Flow,716,NA
04FB001,2020-06-14,Flow,725,NA
04FB001,2020-06-15,Flow,730,NA
04FB001,2020-06-16,Flow,738,NA
04FB001,2020-06-17,Flow,759,NA
04FB001,2020-06-18,Flow,786,NA
04FB001,2020-06-19,Flow,814,NA
04FB001,2020-06-20,Flow,841,NA
04FB001,2020-06-21,Flow,863,NA
04FB001,2020-06-22,Flow,880,NA
04FB001,2020-06-23,Flow,889,NA
04FB001,2020-06-24,Flow,894,NA
04FB001,2020-06-25,Flow,895,NA
04FB001,2020-06-26,Flow,890,NA
04FB001,2020-06-27,Flow,880,NA
04FB001,2020-06-28,Flow,868,NA
04FB001,2020-06-29,Flow,851,NA
04FB001,2020-06-30,Flow,829,NA
04FB001,2020-07-01,Flow,807,NA
04FB001,2020-07-02,Flow,803,NA
04FB001,2020-07-03,Flow,788,NA
04FB001,2020-07-04,Flow,768,NA
04FB001,2020-07-05,Flow,742,NA
04FB001,2020-07-06,Flow,716,NA
04FB001,2020-07-07,Flow,687,NA
04FB001,2020-07-08,Flow,658,NA
04FB001,2020-07-09,Flow,632,NA
04FB001,2020-07-10,Flow,606,NA
04FB001,2020-07-11,Flow,577,NA
04FB001,2020-07-12,Flow,550,NA
04FB001,2020-07-13,Flow,523,NA
04FB001,2020-07-14,Flow,492,NA
04FB001,2020-07-15,Flow,464,NA
04FB001,2020-07-16,Flow,436,NA
04FB001,2020-07-17,Flow,414,NA
04FB001,2020-07-18,Flow,394,NA
04FB001,2020-07-19,Flow,393,NA
04FB001,2020-07-20,Flow,404,NA
04FB001,2020-07-21,Flow,402,NA
04FB001,2020-07-22,Flow,397,NA
04FB001,2020-07-23,Flow,391,NA
04FB001,2020-07-24,Flow,382,NA
04FB001,2020-07-25,Flow,372,NA
04FB001,2020-07-26,Flow,364,NA
04FB001,2020-07-27,Flow,356,NA
04FB001,2020-07-28,Flow,347,NA
04FB001,2020-07-29,Flow,339,NA
04FB001,2020-07-30,Flow,328,NA
04FB001,2020-07-31,Flow,315,NA
04FB001,2020-08-01,Flow,302,NA
04FB001,2020-08-02,Flow,292,NA
04FB001,2020-08-03,Flow,281,NA
04FB001,2020-08-04,Flow,269,NA
04FB001,2020-08-05,Flow,256,NA
04FB001,2020-08-06,Flow,243,NA
04FB001,2020-08-07,Flow,232,NA
04FB001,2020-08-08,Flow,221,NA
04FB001,2020-08-09,Flow,211,NA
04FB001,2020-08-10,Flow,203,NA
04FB001,2020-08-11,Flow,193,NA
04FB001,2020-08-12,Flow,183,NA
04FB001,2020-08-13,Flow,175,NA
04FB001,2020-08-14,Flow,170,NA
04FB001,2020-08-15,Flow,164,NA
04FB001,2020-08-16,Flow,157,NA
04FB001,2020-08-17,Flow,150,NA
04FB001,2020-08-18,Flow,145,NA
04FB001,2020-08-19,Flow,140,NA
04FB001,2020-08-20,Flow,136,NA
04FB001,2020-08-21,Flow,131,NA
04FB001,2020-08-22,Flow,126,NA
04FB001,2020-08-23,Flow,122,NA
04FB001,2020-08-24,Flow,117,NA
04FB001,2020-08-25,Flow,114,NA
04FB001,2020-08-26,Flow,111,NA
04FB001,2020-08-27,Flow,110,NA
04FB001,2020-08-28,Flow,109,NA
04FB001,2020-08-29,Flow,116,NA
04FB001,2020-08-30,Flow,116,NA
04FB001,2020-08-31,Flow,115,NA
04FB001,2020-09-01,Flow,117,NA
04FB001,2020-09-02,Flow,118,NA
04FB001,2020-09-03,Flow,122,NA
04FB001,2020-09-04,Flow,129,NA
04FB001,2020-09-05,Flow,133,NA
04FB001,2020-09-06,Flow,138,NA
04FB001,2020-09-07,Flow,156,NA
04FB001,2020-09-08,Flow,177,NA
04FB001,2020-09-09,Flow,192,NA
04FB001,2020-09-10,Flow,202,NA
04FB001,2020-09-11,Flow,206,NA
04FB001,2020-09-12,Flow,209,NA
04FB001,2020-09-13,Flow,209,NA
04FB001,2020-09-14,Flow,210,NA
04FB001,2020-09-15,Flow,214,NA
04FB001,2020-09-16,Flow,221,NA
04FB001,2020-09-17,Flow,229,NA
04FB001,2020-09-18,Flow,238,NA
04FB001,2020-09-19,Flow,248,NA
04FB001,2020-09-20,Flow,256,NA
04FB001,2020-09-21,Flow,261,NA
04FB001,2020-09-22,Flow,264,NA
04FB001,2020-09-23,Flow,266,NA
04FB001,2020-09-24,Flow,268,NA
04FB001,2020-09-25,Flow,270,NA
04FB001,2020-09-26,Flow,268,NA
04FB001,2020-09-27,Flow,265,NA
04FB001,2020-09-28,Flow,266,NA
04FB001,2020-09-29,Flow,267,NA
04FB001,2020-09-30,Flow,269,NA
04FB001,2020-10-01,Flow,272,NA
04FB001,2020-10-02,Flow,274,NA
04FB001,2020-10-03,Flow,275,NA
04FB001,2020-10-04,Flow,276,NA
04FB001,2020-10-05,Flow,279,NA
04FB001,2020-10-06,Flow,283,NA
04FB001,2020-10-07,Flow,290,NA
04FB001,2020-10-08,Flow,296,NA
04FB001,2020-10-09,Flow,302,NA
04FB001,2020-10-10,Flow,311,NA
04FB001,2020-10-11,Flow,318,NA
04FB001,2020-10-12,Flow,322,NA
04FB001,2020-10-13,Flow,339,NA
04FB001,2020-10-14,Flow,355,NA
04FB001,2020-10-15,Flow,367,NA
04FB001,2020-10-16,Flow,376,NA
04FB001,2020-10-17,Flow,378,NA
04FB001,2020-10-18,Flow,377,NA
04FB001,2020-10-19,Flow,376,NA
04FB001,2020-10-20,Flow,373,NA
04FB001,2020-10-21,Flow,369,NA
04FB001,2020-10-22,Flow,367,NA
04FB001,2020-10-23,Flow,362,NA
04FB001,2020-10-24,Flow,356,NA
04FB001,2020-10-25,Flow,349,NA
04FB001,2020-10-26,Flow,342,NA
04FB001,2020-10-27,Flow,335,NA
04FB001,2020-10-28,Flow,325,NA
04FB001,2020-10-29,Flow,313,B
04FB001,2020-10-30,Flow,304,B
04FB001,2020-10-31,Flow,292,B
04FB001,2020-11-01,Flow,281,B
04FB001,2020-11-02,Flow,276,B
04FB001,2020-11-03,Flow,275,B
04FB001,2020-11-04,Flow,274,B
04FB001,2020-11-05,Flow,269,B
04FB001,2020-11-06,Flow,261,B
04FB001,2020-11-07,Flow,254,B
04FB001,2020-11-08,Flow,248,B
04FB001,2020-11-09,Flow,242,B
04FB001,2020-11-10,Flow,237,B
04FB001,2020-11-11,Flow,232,B
04FB001,2020-11-12,Flow,226,B
04FB001,2020-11-13,Flow,221,B
04FB001,2020-11-14,Flow,218,B
04FB001,2020-11-15,Flow,217,B
04FB001,2020-11-16,Flow,203,B
04FB001,2020-11-17,Flow,196,B
04FB001,2020-11-18,Flow,195,B
04FB001,2020-11-19,Flow,194,B
04FB001,2020-11-20,Flow,193,B
04FB001,2020-11-21,Flow,193,B
04FB001,2020-11-22,Flow,192,B
04FB001,2020-11-23,Flow,191,B
04FB001,2020-11-24,Flow,191,B
04FB001,2020-11-25,Flow,190,B
04FB001,2020-11-26,Flow,189,B
04FB001,2020-11-27,Flow,188,B
04FB001,2020-11-28,Flow,187,B
04FB001,2020-11-29,Flow,186,B
04FB001,2020-11-30,Flow,185,B
04FB001,2020-12-01,Flow,184,B
04FB001,2020-12-02,Flow,183,B
04FB001,2020-12-03,Flow,182,B
04FB001,2020-12-04,Flow,180,B
04FB001,2020-12-05,Flow,180,B
04FB001,2020-12-06,Flow,179,B
04FB001,2020-12-07,Flow,178,B
04FB001,2020-12-08,Flow,177,B
04FB001,2020-12-09,Flow,176,B
04FB001,2020-12-10,Flow,175,B
04FB001,2020-12-11,Flow,174,B
04FB001,2020-12-12,Flow,173,B
04FB001,2020-12-13,Flow,172,B
04FB001,2020-12-14,Flow,171,B
04FB001,2020-12-15,Flow,169,B
04FB001,2020-12-16,Flow,168,B
04FB001,2020-12-17,Flow,167,B
04FB001,2020-12-18,Flow,165,B
04FB001,2020-12-19,Flow,164,B
04FB001,2020-12-20,Flow,163,B
04FB001,2020-12-21,Flow,162,B
04FB001,2020-12-22,Flow,160,B
04FB001,2020-12-23,Flow,159,B
04FB001,2020-12-24,Flow,158,B
04FB001,2020-12-25,Flow,157,B
04FB001,2020-12-26,Flow,156,B
04FB001,2020-12-27,Flow,154,B
04FB001,2020-12-28,Flow,153,B
04FB001,2020-12-29,Flow,152,B
04FB001,2020-12-30,Flow,150,B
04FB001,2020-12-31,Flow,149,B
04FB001,2021-01-01,Flow,147,B
04FB001,2021-01-02,Flow,145,B
04FB001,2021-01-03,Flow,143,B
04FB001,2021-01-04,Flow,141,B
04FB001,2021-01-05,Flow,140,B
04FB001,2021-01-06,Flow,138,B
04FB001,2021-01-07,Flow,137,B
04FB001,2021-01-08,Flow,135,B
04FB001,2021-01-09,Flow,134,B
04FB001,2021-01-10,Flow,133,B
04FB001,2021-01-11,Flow,130,B
04FB001,2021-01-12,Flow,127,B
04FB001,2021-01-13,Flow,126,B
04FB001,2021-01-14,Flow,124,B
04FB001,2021-01-15,Flow,123,B
04FB001,2021-01-16,Flow,121,B
04FB001,2021-01-17,Flow,119,B
04FB001,2021-01-18,Flow,117,B
04FB001,2021-01-19,Flow,116,B
04FB001,2021-01-20,Flow,114,B
04FB001,2021-01-21,Flow,113,B
04FB001,2021-01-22,Flow,112,B
04FB001,2021-01-23,Flow,111,B
04FB001,2021-01-24,Flow,110,B
04FB001,2021-01-25,Flow,109,B
04FB001,2021-01-26,Flow,108,B
04FB001,2021-01-27,Flow,107,B
04FB001,2021-01-28,Flow,106,B
04FB001,2021-01-29,Flow,104,B
04FB001,2021-01-30,Flow,103,B
04FB001,2021-01-31,Flow,102,B
04FB001,2021-02-01,Flow,101,B
04FB001,2021-02-02,Flow,100,B
04FB001,2021-02-03,Flow,98.90000153,B
04FB001,2021-02-04,Flow,97.59999847,B
04FB001,2021-02-05,Flow,96.19999695,B
04FB001,2021-02-06,Flow,95.19999695,B
04FB001,2021-02-07,Flow,94.80000305,B
04FB001,2021-02-08,Flow,94,B
04FB001,2021-02-09,Flow,93,B
04FB001,2021-02-10,Flow,92.09999847,B
04FB001,2021-02-11,Flow,91.30000305,B
04FB001,2021-02-12,Flow,90.40000153,B
04FB001,2021-02-13,Flow,89.5,B
04FB001,2021-02-14,Flow,88.69999695,B
04FB001,2021-02-15,Flow,87.80000305,B
04FB001,2021-02-16,Flow,86.90000153,B
04FB001,2021-02-17,Flow,86.19999695,B
04FB001,2021-02-18,Flow,85.40000153,B
04FB001,2021-02-19,Flow,84.59999847,B
04FB001,2021-02-20,Flow,83.80000305,B
04FB001,2021-02-21,Flow,83,B
04FB001,2021-02-22,Flow,82.30000305,B
04FB001,2021-02-23,Flow,81.5,B
04FB001,2021-02-24,Flow,80.69999695,B
04FB001,2021-02-25,Flow,79.90000153,B
04FB001,2021-02-26,Flow,78.90000153,B
04FB001,2021-02-27,Flow,78,B
04FB001,2021-02-28,Flow,76.90000153,B
04FB001,2021-03-01,Flow,75.80000305,B
04FB001,2021-03-02,Flow,74.59999847,B
04FB001,2021-03-03,Flow,73.5,B
04FB001,2021-03-04,Flow,72.30000305,B
04FB001,2021-03-05,Flow,71.19999695,B
04FB001,2021-03-06,Flow,70.09999847,B
04FB001,2021-03-07,Flow,68.90000153,B
04FB001,2021-03-08,Flow,67.69999695,B
04FB001,2021-03-09,Flow,66.59999847,B
04FB001,2021-03-10,Flow,65.69999695,B
04FB001,2021-03-11,Flow,64.69999695,B
04FB001,2021-03-12,Flow,63.70000076,B
04FB001,2021-03-13,Flow,62.90000153,B
04FB001,2021-03-14,Flow,62.20000076,B
04FB001,2021-03-15,Flow,61.70000076,B
04FB001,2021-03-16,Flow,61.29999924,B
04FB001,2021-03-17,Flow,60.90000153,B
04FB001,2021-03-18,Flow,60.70000076,B
04FB001,2021-03-19,Flow,60.59999847,B
04FB001,2021-03-20,Flow,60.5,B
04FB001,2021-03-21,Flow,60.59999847,B
04FB001,2021-03-22,Flow,60.90000153,B
04FB001,2021-03-23,Flow,61.29999924,B
04FB001,2021-03-24,Flow,61.79999924,B
04FB001,2021-03-25,Flow,62.09999847,B
04FB001,2021-03-26,Flow,62.09999847,B
04FB001,2021-03-27,Flow,61.79999924,B
04FB001,2021-03-28,Flow,61.29999924,B
04FB001,2021-03-29,Flow,60.79999924,B
04FB001,2021-03-30,Flow,60.59999847,B
04FB001,2021-03-31,Flow,60.40000153,B
04FB001,2021-04-01,Flow,60.29999924,B
04FB001,2021-04-02,Flow,60.20000076,B
04FB001,2021-04-03,Flow,60.20000076,B
04FB001,2021-04-04,Flow,60.29999924,B
04FB001,2021-04-05,Flow,60.40000153,B
04FB001,2021-04-06,Flow,60.59999847,B
04FB001,2021-04-07,Flow,60.79999924,B
04FB001,2021-04-08,Flow,61.20000076,B
04FB001,2021-04-09,Flow,61.79999924,B
04FB001,2021-04-10,Flow,62.70000076,B
04FB001,2021-04-11,Flow,63.70000076,B
04FB001,2021-04-12,Flow,64.69999695,B
04FB001,2021-04-13,Flow,65.80000305,B
04FB001,2021-04-14,Flow,66.80000305,B
04FB001,2021-04-15,Flow,67.30000305,B
04FB001,2021-04-16,Flow,67.80000305,B
04FB001,2021-04-17,Flow,68.5,B
04FB001,2021-04-18,Flow,69.30000305,B
04FB001,2021-04-19,Flow,70.69999695,B
04FB001,2021-04-20,Flow,71.69999695,B
04FB001,2021-04-21,Flow,74.30000305,B
04FB001,2021-04-22,Flow,76.80000305,B
04FB001,2021-04-23,Flow,82.80000305,B
04FB001,2021-04-24,Flow,90.90000153,B
04FB001,2021-04-25,Flow,102,B
04FB001,2021-04-26,Flow,113,B
04FB001,2021-04-27,Flow,123,B
04FB001,2021-04-28,Flow,132,B
04FB001,2021-04-29,Flow,142,B
04FB001,2021-04-30,Flow,151,B
04FB001,2021-05-01,Flow,161,B
04FB001,2021-05-02,Flow,170,NA
04FB001,2021-05-03,Flow,179,NA
04FB001,2021-05-04,Flow,187,NA
04FB001,2021-05-05,Flow,196,NA
04FB001,2021-05-06,Flow,206,NA
04FB001,2021-05-07,Flow,217,NA
04FB001,2021-05-08,Flow,228,NA
04FB001,2021-05-09,Flow,240,NA
04FB001,2021-05-10,Flow,251,NA
04FB001,2021-05-11,Flow,261,NA
04FB001,2021-05-12,Flow,269,NA
04FB001,2021-05-13,Flow,275,NA
04FB001,2021-05-14,Flow,280,NA
04FB001,2021-05-15,Flow,286,NA
04FB001,2021-05-16,Flow,294,NA
04FB001,2021-05-17,Flow,301,NA
04FB001,2021-05-18,Flow,310,NA
04FB001,2021-05-19,Flow,316,NA
04FB001,2021-05-20,Flow,319,NA
04FB001,2021-05-21,Flow,338,NA
04FB001,2021-05-22,Flow,369,NA
04FB001,2021-05-23,Flow,392,NA
04FB001,2021-05-24,Flow,410,NA
04FB001,2021-05-25,Flow,426,NA
04FB001,2021-05-26,Flow,441,NA
04FB001,2021-05-27,Flow,455,NA
04FB001,2021-05-28,Flow,468,NA
04FB001,2021-05-29,Flow,475,NA
04FB001,2021-05-30,Flow,475,NA
04FB001,2021-05-31,Flow,475,NA
04FB001,2021-06-01,Flow,478,NA
04FB001,2021-06-02,Flow,482,NA
04FB001,2021-06-03,Flow,482,NA
04FB001,2021-06-04,Flow,481,NA
04FB001,2021-06-05,Flow,478,NA
04FB001,2021-06-06,Flow,474,NA
04FB001,2021-06-07,Flow,470,NA
04FB001,2021-06-08,Flow,468,NA
04FB001,2021-06-09,Flow,466,NA
04FB001,2021-06-10,Flow,465,NA
04FB001,2021-06-11,Flow,460,NA
04FB001,2021-06-12,Flow,453,NA
04FB001,2021-06-13,Flow,451,NA
04FB001,2021-06-14,Flow,450,NA
04FB001,2021-06-15,Flow,453,NA
04FB001,2021-06-16,Flow,457,NA
04FB001,2021-06-17,Flow,459,NA
04FB001,2021-06-18,Flow,459,NA
04FB001,2021-06-19,Flow,463,NA
04FB001,2021-06-20,Flow,468,NA
04FB001,2021-06-21,Flow,469,NA
04FB001,2021-06-22,Flow,469,NA
04FB001,2021-06-23,Flow,466,NA
04FB001,2021-06-24,Flow,465,NA
04FB001,2021-06-25,Flow,460,NA
04FB001,2021-06-26,Flow,452,NA
04FB001,2021-06-27,Flow,444,NA
04FB001,2021-06-28,Flow,433,NA
04FB001,2021-06-29,Flow,420,NA
04FB001,2021-06-30,Flow,408,NA
04FB001,2021-07-01,Flow,396,NA
04FB001,2021-07-02,Flow,382,NA
04FB001,2021-07-03,Flow,368,NA
04FB001,2021-07-04,Flow,355,NA
04FB001,2021-07-05,Flow,342,NA
04FB001,2021-07-06,Flow,328,NA
04FB001,2021-07-07,Flow,315,NA
04FB001,2021-07-08,Flow,301,NA
04FB001,2021-07-09,Flow,284,NA
04FB001,2021-07-10,Flow,270,NA
04FB001,2021-07-11,Flow,259,NA
04FB001,2021-07-12,Flow,248,NA
04FB001,2021-07-13,Flow,236,NA
04FB001,2021-07-14,Flow,228,NA
04FB001,2021-07-15,Flow,219,NA
04FB001,2021-07-16,Flow,210,NA
04FB001,2021-07-17,Flow,200,NA
04FB001,2021-07-18,Flow,191,NA
04FB001,2021-07-19,Flow,190,NA
04FB001,2021-07-20,Flow,187,NA
04FB001,2021-07-21,Flow,182,NA
04FB001,2021-07-22,Flow,176,NA
04FB001,2021-07-23,Flow,170,NA
04FB001,2021-07-24,Flow,164,NA
04FB001,2021-07-25,Flow,157,NA
04FB001,2021-07-26,Flow,152,NA
04FB001,2021-07-27,Flow,146,NA
04FB001,2021-07-28,Flow,142,NA
04FB001,2021-07-29,Flow,138,NA
04FB001,2021-07-30,Flow,134,NA
04FB001,2021-07-31,Flow,130,NA
04FB001,2021-08-01,Flow,126,NA
04FB001,2021-08-02,Flow,122,NA
04FB001,2021-08-03,Flow,119,NA
04FB001,2021-08-04,Flow,115,NA
04FB001,2021-08-05,Flow,116,NA
04FB001,2021-08-06,Flow,119,NA
04FB001,2021-08-07,Flow,120,NA
04FB001,2021-08-08,Flow,118,NA
04FB001,2021-08-09,Flow,114,NA
04FB001,2021-08-10,Flow,111,NA
04FB001,2021-08-11,Flow,112,NA
04FB001,2021-08-12,Flow,114,NA
04FB001,2021-08-13,Flow,111,NA
04FB001,2021-08-14,Flow,108,NA
04FB001,2021-08-15,Flow,104,NA
04FB001,2021-08-16,Flow,101,NA
04FB001,2021-08-17,Flow,97.19999695,NA
04FB001,2021-08-18,Flow,93.30000305,NA
04FB001,2021-08-19,Flow,89.80000305,NA
04FB001,2021-08-20,Flow,88.40000153,NA
04FB001,2021-08-21,Flow,87.09999847,NA
04FB001,2021-08-22,Flow,84.09999847,NA
04FB001,2021-08-23,Flow,82.30000305,NA
04FB001,2021-08-24,Flow,80.40000153,NA
04FB001,2021-08-25,Flow,81.40000153,NA
04FB001,2021-08-26,Flow,83.09999847,NA
04FB001,2021-08-27,Flow,83.40000153,NA
04FB001,2021-08-28,Flow,82.19999695,NA
04FB001,2021-08-29,Flow,82.09999847,NA
04FB001,2021-08-30,Flow,87.90000153,NA
04FB001,2021-08-31,Flow,93.59999847,NA
04FB001,2021-09-01,Flow,98,NA
04FB001,2021-09-02,Flow,101,NA
04FB001,2021-09-03,Flow,103,NA
04FB001,2021-09-04,Flow,104,NA
04FB001,2021-09-05,Flow,107,NA
04FB001,2021-09-06,Flow,112,NA
04FB001,2021-09-07,Flow,119,NA
04FB001,2021-09-08,Flow,134,NA
04FB001,2021-09-09,Flow,150,NA
04FB001,2021-09-10,Flow,164,NA
04FB001,2021-09-11,Flow,180,NA
04FB001,2021-09-12,Flow,194,NA
04FB001,2021-09-13,Flow,207,NA
04FB001,2021-09-14,Flow,223,NA
04FB001,2021-09-15,Flow,239,NA
04FB001,2021-09-16,Flow,251,NA
04FB001,2021-09-17,Flow,266,NA
04FB001,2021-09-18,Flow,281,NA
04FB001,2021-09-19,Flow,291,NA
04FB001,2021-09-20,Flow,301,NA
04FB001,2021-09-21,Flow,347,NA
04FB001,2021-09-22,Flow,393,NA
04FB001,2021-09-23,Flow,424,NA
04FB001,2021-09-24,Flow,439,NA
04FB001,2021-09-25,Flow,444,NA
04FB001,2021-09-26,Flow,445,NA
04FB001,2021-09-27,Flow,443,NA
04FB001,2021-09-28,Flow,439,NA
04FB001,2021-09-29,Flow,433,NA
04FB001,2021-09-30,Flow,427,NA
04FB001,2021-10-01,Flow,419,NA
04FB001,2021-10-02,Flow,414,NA
04FB001,2021-10-03,Flow,409,NA
04FB001,2021-10-04,Flow,402,NA
04FB001,2021-10-05,Flow,394,NA
04FB001,2021-10-06,Flow,385,NA
04FB001,2021-10-07,Flow,376,NA
04FB001,2021-10-08,Flow,365,NA
04FB001,2021-10-09,Flow,355,NA
04FB001,2021-10-10,Flow,345,NA
04FB001,2021-10-11,Flow,338,NA
04FB001,2021-10-12,Flow,325,A
04FB001,2021-10-13,Flow,318,NA
04FB001,2021-10-14,Flow,314,NA
04FB001,2021-10-15,Flow,310,NA
04FB001,2021-10-16,Flow,300,NA
04FB001,2021-10-17,Flow,292,NA
04FB001,2021-10-18,Flow,286,NA
04FB001,2021-10-19,Flow,279,NA
04FB001,2021-10-20,Flow,272,NA
04FB001,2021-10-21,Flow,264,NA
04FB001,2021-10-22,Flow,258,NA
04FB001,2021-10-23,Flow,253,NA
04FB001,2021-10-24,Flow,248,NA
04FB001,2021-10-25,Flow,243,NA
04FB001,2021-10-26,Flow,237,NA
04FB001,2021-10-27,Flow,230,NA
04FB001,2021-10-28,Flow,224,NA
04FB001,2021-10-29,Flow,219,NA
04FB001,2021-10-30,Flow,215,NA
04FB001,2021-10-31,Flow,213,NA
04FB001,2021-11-01,Flow,211,NA
04FB001,2021-11-02,Flow,208,NA
04FB001,2021-11-03,Flow,206,NA
04FB001,2021-11-04,Flow,203,NA
04FB001,2021-11-05,Flow,199,NA
04FB001,2021-11-06,Flow,194,NA
04FB001,2021-11-07,Flow,190,NA
04FB001,2021-11-08,Flow,187,NA
04FB001,2021-11-09,Flow,184,NA
04FB001,2021-11-10,Flow,181,NA
04FB001,2021-11-11,Flow,176,NA
04FB001,2021-11-12,Flow,175,NA
04FB001,2021-11-13,Flow,178,NA
04FB001,2021-11-14,Flow,174,NA
04FB001,2021-11-15,Flow,171,B
04FB001,2021-11-16,Flow,167,B
04FB001,2021-11-17,Flow,160,B
04FB001,2021-11-18,Flow,154,B
04FB001,2021-11-19,Flow,153,B
04FB001,2021-11-20,Flow,152,B
04FB001,2021-11-21,Flow,151,B
04FB001,2021-11-22,Flow,150,B
04FB001,2021-11-23,Flow,150,B
04FB001,2021-11-24,Flow,151,B
04FB001,2021-11-25,Flow,153,B
04FB001,2021-11-26,Flow,154,B
04FB001,2021-11-27,Flow,154,B
04FB001,2021-11-28,Flow,154,B
04FB001,2021-11-29,Flow,154,B
04FB001,2021-11-30,Flow,154,B
04FB001,2021-12-01,Flow,154,B
04FB001,2021-12-02,Flow,153,B
04FB001,2021-12-03,Flow,153,B
04FB001,2021-12-04,Flow,153,B
04FB001,2021-12-05,Flow,153,B
04FB001,2021-12-06,Flow,152,B
04FB001,2021-12-07,Flow,152,B
04FB001,2021-12-08,Flow,152,B
04FB001,2021-12-09,Flow,151,B
04FB001,2021-12-10,Flow,151,B
04FB001,2021-12-11,Flow,150,B
04FB001,2021-12-12,Flow,149,B
04FB001,2021-12-13,Flow,149,B
04FB001,2021-12-14,Flow,148,B
04FB001,2021-12-15,Flow,147,B
04FB001,2021-12-16,Flow,147,B
04FB001,2021-12-17,Flow,147,B
04FB001,2021-12-18,Flow,147,B
04FB001,2021-12-19,Flow,147,B
04FB001,2021-12-20,Flow,147,B
04FB001,2021-12-21,Flow,147,B
04FB001,2021-12-22,Flow,147,B
04FB001,2021-12-23,Flow,148,B
04FB001,2021-12-24,Flow,149,B
04FB001,2021-12-25,Flow,149,B
04FB001,2021-12-26,Flow,150,B
04FB001,2021-12-27,Flow,151,B
04FB001,2021-12-28,Flow,152,B
04FB001,2021-12-29,Flow,152,B
04FB001,2021-12-30,Flow,152,B
04FB001,2021-12-31,Flow,152,B
04FB001,2022-01-01,Flow,152,B
04FB001,2022-01-02,Flow,151,B
04FB001,2022-01-03,Flow,150,B
04FB001,2022-01-04,Flow,149,B
04FB001,2022-01-05,Flow,147,B
04FB001,2022-01-06,Flow,146,B
04FB001,2022-01-07,Flow,144,B
04FB001,2022-01-08,Flow,142,B
04FB001,2022-01-09,Flow,140,B
04FB001,2022-01-10,Flow,138,B
04FB001,2022-01-11,Flow,137,B
04FB001,2022-01-12,Flow,135,B
04FB001,2022-01-13,Flow,133,B
04FB001,2022-01-14,Flow,131,B
04FB001,2022-01-15,Flow,129,B
04FB001,2022-01-16,Flow,128,B
04FB001,2022-01-17,Flow,126,B
04FB001,2022-01-18,Flow,124,B
04FB001,2022-01-19,Flow,122,B
04FB001,2022-01-20,Flow,120,B
04FB001,2022-01-21,Flow,118,B
04FB001,2022-01-22,Flow,117,B
04FB001,2022-01-23,Flow,115,B
04FB001,2022-01-24,Flow,113,B
04FB001,2022-01-25,Flow,111,B
04FB001,2022-01-26,Flow,110,B
04FB001,2022-01-27,Flow,108,B
04FB001,2022-01-28,Flow,107,B
04FB001,2022-01-29,Flow,105,B
04FB001,2022-01-30,Flow,104,B
04FB001,2022-01-31,Flow,102,B
04FB001,2022-02-01,Flow,101,B
04FB001,2022-02-02,Flow,99.40000153,B
04FB001,2022-02-03,Flow,98,B
04FB001,2022-02-04,Flow,96.59999847,B
04FB001,2022-02-05,Flow,95.09999847,B
04FB001,2022-02-06,Flow,93.69999695,B
04FB001,2022-02-07,Flow,92.30000305,B
04FB001,2022-02-08,Flow,90.90000153,B
04FB001,2022-02-09,Flow,89.5,B
04FB001,2022-02-10,Flow,88.09999847,B
04FB001,2022-02-11,Flow,86.59999847,B
04FB001,2022-02-12,Flow,85.19999695,B
04FB001,2022-02-13,Flow,83.80000305,B
04FB001,2022-02-14,Flow,82.40000153,B
04FB001,2022-02-15,Flow,81,B
04FB001,2022-02-16,Flow,79.5,B
04FB001,2022-02-17,Flow,78.09999847,B
04FB001,2022-02-18,Flow,76.69999695,B
04FB001,2022-02-19,Flow,75.30000305,B
04FB001,2022-02-20,Flow,73.90000153,B
04FB001,2022-02-21,Flow,72.5,B
04FB001,2022-02-22,Flow,71,B
04FB001,2022-02-23,Flow,69.59999847,B
04FB001,2022-02-24,Flow,68.19999695,B
04FB001,2022-02-25,Flow,66.80000305,B
04FB001,2022-02-26,Flow,65.40000153,B
04FB001,2022-02-27,Flow,64,B
04FB001,2022-02-28,Flow,62.59999847,B
04FB001,2022-03-01,Flow,61.09999847,B
04FB001,2022-03-02,Flow,59.70000076,B
04FB001,2022-03-03,Flow,58.29999924,B
04FB001,2022-03-04,Flow,56.90000153,B
04FB001,2022-03-05,Flow,55.5,B
04FB001,2022-03-06,Flow,54.29999924,B
04FB001,2022-03-07,Flow,53.09999847,B
04FB001,2022-03-08,Flow,52.09999847,B
04FB001,2022-03-09,Flow,51.20000076,B
04FB001,2022-03-10,Flow,50.40000153,B
04FB001,2022-03-11,Flow,49.70000076,B
04FB001,2022-03-12,Flow,49.09999847,B
04FB001,2022-03-13,Flow,48.59999847,B
04FB001,2022-03-14,Flow,48.29999924,B
04FB001,2022-03-15,Flow,48,B
04FB001,2022-03-16,Flow,47.70000076,B
04FB001,2022-03-17,Flow,47.5,B
04FB001,2022-03-18,Flow,47.20000076,B
04FB001,2022-03-19,Flow,46.90000153,B
04FB001,2022-03-20,Flow,46.70000076,B
04FB001,2022-03-21,Flow,46.40000153,B
04FB001,2022-03-22,Flow,46.09999847,B
04FB001,2022-03-23,Flow,45.90000153,B
04FB001,2022-03-24,Flow,45.20000076,B
04FB001,2022-03-25,Flow,45,B
04FB001,2022-03-26,Flow,44.79999924,B
04FB001,2022-03-27,Flow,44.70000076,B
04FB001,2022-03-28,Flow,44.5,B
04FB001,2022-03-29,Flow,44.79999924,B
04FB001,2022-03-30,Flow,46.09999847,B
04FB001,2022-03-31,Flow,47.20000076,B
04FB001,2022-04-01,Flow,47.90000153,B
04FB001,2022-04-02,Flow,48.90000153,B
04FB001,2022-04-03,Flow,50.29999924,B
04FB001,2022-04-04,Flow,50.59999847,B
04FB001,2022-04-05,Flow,52.09999847,B
04FB001,2022-04-06,Flow,52.70000076,B
04FB001,2022-04-07,Flow,53.59999847,B
04FB001,2022-04-08,Flow,55,B
04FB001,2022-04-09,Flow,55.79999924,B
04FB001,2022-04-10,Flow,57.09999847,B
04FB001,2022-04-11,Flow,59.09999847,B
04FB001,2022-04-12,Flow,60.40000153,B
04FB001,2022-04-13,Flow,62.79999924,B
04FB001,2022-04-14,Flow,64.80000305,B
04FB001,2022-04-15,Flow,67,B
04FB001,2022-04-16,Flow,68.90000153,B
04FB001,2022-04-17,Flow,70.19999695,B
04FB001,2022-04-18,Flow,73.80000305,B
04FB001,2022-04-19,Flow,76,B
04FB001,2022-04-20,Flow,78.69999695,B
04FB001,2022-04-21,Flow,82.5,B
04FB001,2022-04-22,Flow,87.19999695,B
04FB001,2022-04-23,Flow,91.19999695,B
04FB001,2022-04-24,Flow,97.30000305,B
04FB001,2022-04-25,Flow,104,B
04FB001,2022-04-26,Flow,110,B
04FB001,2022-04-27,Flow,115,B
04FB001,2022-04-28,Flow,121,B
04FB001,2022-04-29,Flow,128,B
04FB001,2022-04-30,Flow,136,B
04FB001,2022-05-01,Flow,142,B
04FB001,2022-05-02,Flow,148,B
04FB001,2022-05-03,Flow,157,B
04FB001,2022-05-04,Flow,167,B
04FB001,2022-05-05,Flow,176,B
04FB001,2022-05-06,Flow,187,B
04FB001,2022-05-07,Flow,200,B
04FB001,2022-05-08,Flow,220,B
04FB001,2022-05-09,Flow,244,B
04FB001,2022-05-10,Flow,278,B
04FB001,2022-05-11,Flow,314,B
04FB001,2022-05-12,Flow,357,B
04FB001,2022-05-13,Flow,397,NA
04FB001,2022-05-14,Flow,427,NA
04FB001,2022-05-15,Flow,468,NA
04FB001,2022-05-16,Flow,539,NA
04FB001,2022-05-17,Flow,650,NA
04FB001,2022-05-18,Flow,778,NA
04FB001,2022-05-19,Flow,897,NA
04FB001,2022-05-20,Flow,1000,NA
04FB001,2022-05-21,Flow,1110,NA
04FB001,2022-05-22,Flow,1190,NA
04FB001,2022-05-23,Flow,1260,NA
04FB001,2022-05-24,Flow,1320,NA
04FB001,2022-05-25,Flow,1360,NA
04FB001,2022-05-26,Flow,1390,NA
04FB001,2022-05-27,Flow,1410,NA
04FB001,2022-05-28,Flow,1420,NA
04FB001,2022-05-29,Flow,1420,NA
04FB001,2022-05-30,Flow,1410,NA
04FB001,2022-05-31,Flow,1400,NA
04FB001,2022-06-01,Flow,1390,NA
04FB001,2022-06-02,Flow,1360,NA
04FB001,2022-06-03,Flow,1330,NA
04FB001,2022-06-04,Flow,1290,NA
04FB001,2022-06-05,Flow,1250,NA
04FB001,2022-06-06,Flow,1210,NA
04FB001,2022-06-07,Flow,1160,NA
04FB001,2022-06-08,Flow,1120,NA
04FB001,2022-06-09,Flow,1080,NA
04FB001,2022-06-10,Flow,1040,NA
04FB001,2022-06-11,Flow,997,NA
04FB001,2022-06-12,Flow,955,NA
04FB001,2022-06-13,Flow,911,NA
04FB001,2022-06-14,Flow,867,NA
04FB001,2022-06-15,Flow,834,NA
04FB001,2022-06-16,Flow,820,NA
04FB001,2022-06-17,Flow,801,NA
04FB001,2022-06-18,Flow,780,NA
04FB001,2022-06-19,Flow,753,NA
04FB001,2022-06-20,Flow,729,NA
04FB001,2022-06-21,Flow,717,NA
04FB001,2022-06-22,Flow,705,NA
04FB001,2022-06-23,Flow,689,NA
04FB001,2022-06-24,Flow,671,NA
04FB001,2022-06-25,Flow,657,NA
04FB001,2022-06-26,Flow,653,NA
04FB001,2022-06-27,Flow,649,NA
04FB001,2022-06-28,Flow,646,NA
04FB001,2022-06-29,Flow,640,NA
04FB001,2022-06-30,Flow,633,NA
04FB001,2022-07-01,Flow,626,NA
04FB001,2022-07-02,Flow,618,NA
04FB001,2022-07-03,Flow,616,NA
04FB001,2022-07-04,Flow,611,NA
04FB001,2022-07-05,Flow,603,NA
04FB001,2022-07-06,Flow,596,NA
04FB001,2022-07-07,Flow,586,NA
04FB001,2022-07-08,Flow,577,NA
04FB001,2022-07-09,Flow,566,NA
04FB001,2022-07-10,Flow,554,NA
04FB001,2022-07-11,Flow,564,NA
04FB001,2022-07-12,Flow,559,NA
04FB001,2022-07-13,Flow,539,NA
04FB001,2022-07-14,Flow,515,NA
04FB001,2022-07-15,Flow,492,NA
04FB001,2022-07-16,Flow,468,NA
04FB001,2022-07-17,Flow,448,NA
04FB001,2022-07-18,Flow,431,NA
04FB001,2022-07-19,Flow,413,NA
04FB001,2022-07-20,Flow,396,NA
04FB001,2022-07-21,Flow,380,NA
04FB001,2022-07-22,Flow,367,NA
04FB001,2022-07-23,Flow,353,NA
04FB001,2022-07-24,Flow,339,NA
04FB001,2022-07-25,Flow,327,NA
04FB001,2022-07-26,Flow,315,NA
04FB001,2022-07-27,Flow,305,NA
04FB001,2022-07-28,Flow,292,NA
04FB001,2022-07-29,Flow,284,NA
04FB001,2022-07-30,Flow,276,NA
04FB001,2022-07-31,Flow,274,NA
04FB001,2022-08-01,Flow,278,NA
04FB001,2022-08-02,Flow,280,NA
04FB001,2022-08-03,Flow,285,NA
04FB001,2022-08-04,Flow,291,NA
04FB001,2022-08-05,Flow,294,NA
04FB001,2022-08-06,Flow,296,NA
04FB001,2022-08-07,Flow,293,NA
04FB001,2022-08-08,Flow,291,NA
04FB001,2022-08-09,Flow,288,NA
04FB001,2022-08-10,Flow,282,NA
04FB001,2022-08-11,Flow,279,NA
04FB001,2022-08-12,Flow,278,NA
04FB001,2022-08-13,Flow,276,NA
04FB001,2022-08-14,Flow,277,NA
04FB001,2022-08-15,Flow,278,NA
04FB001,2022-08-16,Flow,276,NA
04FB001,2022-08-17,Flow,273,NA
04FB001,2022-08-18,Flow,270,NA
04FB001,2022-08-19,Flow,268,NA
04FB001,2022-08-20,Flow,265,NA
04FB001,2022-08-21,Flow,262,NA
04FB001,2022-08-22,Flow,258,NA
04FB001,2022-08-23,Flow,255,NA
04FB001,2022-08-24,Flow,249,NA
04FB001,2022-08-25,Flow,241,NA
04FB001,2022-08-26,Flow,234,NA
04FB001,2022-08-27,Flow,227,NA
04FB001,2022-08-28,Flow,220,NA
04FB001,2022-08-29,Flow,214,NA
04FB001,2022-08-30,Flow,216,NA
04FB001,2022-08-31,Flow,216,NA
04FB001,2022-09-01,Flow,212,NA
04FB001,2022-09-02,Flow,209,NA
04FB001,2022-09-03,Flow,203,NA
04FB001,2022-09-04,Flow,196,NA
04FB001,2022-09-05,Flow,192,NA
04FB001,2022-09-06,Flow,187,NA
04FB001,2022-09-07,Flow,183,NA
04FB001,2022-09-08,Flow,180,NA
04FB001,2022-09-09,Flow,180,NA
04FB001,2022-09-10,Flow,180,NA
04FB001,2022-09-11,Flow,179,NA
04FB001,2022-09-12,Flow,177,NA
04FB001,2022-09-13,Flow,174,NA
04FB001,2022-09-14,Flow,172,NA
04FB001,2022-09-15,Flow,170,NA
04FB001,2022-09-16,Flow,166,NA
04FB001,2022-09-17,Flow,162,NA
04FB001,2022-09-18,Flow,160,NA
04FB001,2022-09-19,Flow,159,NA
04FB001,2022-09-20,Flow,158,NA
04FB001,2022-09-21,Flow,161,NA
04FB001,2022-09-22,Flow,164,NA
04FB001,2022-09-23,Flow,164,NA
04FB001,2022-09-24,Flow,162,NA
04FB001,2022-09-25,Flow,159,NA
04FB001,2022-09-26,Flow,156,NA
04FB001,2022-09-27,Flow,156,NA
04FB001,2022-09-28,Flow,156,NA
04FB001,2022-09-29,Flow,154,NA
04FB001,2022-09-30,Flow,151,NA
04FB001,2022-10-01,Flow,149,NA
04FB001,2022-10-02,Flow,148,NA
04FB001,2022-10-03,Flow,147,NA
04FB001,2022-10-04,Flow,146,NA
04FB001,2022-10-05,Flow,148,NA
04FB001,2022-10-06,Flow,151,NA
04FB001,2022-10-07,Flow,154,NA
04FB001,2022-10-08,Flow,154,NA
04FB001,2022-10-09,Flow,153,NA
04FB001,2022-10-10,Flow,154,NA
04FB001,2022-10-11,Flow,155,NA
04FB001,2022-10-12,Flow,157,NA
04FB001,2022-10-13,Flow,167,NA
04FB001,2022-10-14,Flow,175,NA
04FB001,2022-10-15,Flow,181,NA
04FB001,2022-10-16,Flow,185,NA
04FB001,2022-10-17,Flow,186,NA
04FB001,2022-10-18,Flow,186,NA
04FB001,2022-10-19,Flow,186,NA
04FB001,2022-10-20,Flow,185,NA
04FB001,2022-10-21,Flow,184,NA
04FB001,2022-10-22,Flow,183,NA
04FB001,2022-10-23,Flow,181,NA
04FB001,2022-10-24,Flow,181,NA
04FB001,2022-10-25,Flow,181,NA
04FB001,2022-10-26,Flow,178,NA
04FB001,2022-10-27,Flow,175,NA
04FB001,2022-10-28,Flow,173,NA
04FB001,2022-10-29,Flow,171,NA
04FB001,2022-10-30,Flow,168,NA
04FB001,2022-10-31,Flow,166,NA
04FB001,2022-11-01,Flow,164,NA
04FB001,2022-11-02,Flow,162,NA
04FB001,2022-11-03,Flow,160,NA
04FB001,2022-11-04,Flow,159,NA
04FB001,2022-11-05,Flow,157,NA
04FB001,2022-11-06,Flow,155,NA
04FB001,2022-11-07,Flow,155,NA
04FB001,2022-11-08,Flow,152,NA
04FB001,2022-11-09,Flow,151,NA
04FB001,2022-11-10,Flow,148,NA
04FB001,2022-11-11,Flow,138,NA
04FB001,2022-11-12,Flow,136,B
04FB001,2022-11-13,Flow,142,B
04FB001,2022-11-14,Flow,143,B
04FB001,2022-11-15,Flow,139,B
04FB001,2022-11-16,Flow,133,B
04FB001,2022-11-17,Flow,131,B
04FB001,2022-11-18,Flow,128,B
04FB001,2022-11-19,Flow,126,B
04FB001,2022-11-20,Flow,125,B
04FB001,2022-11-21,Flow,124,B
04FB001,2022-11-22,Flow,123,B
04FB001,2022-11-23,Flow,123,B
04FB001,2022-11-24,Flow,124,B
04FB001,2022-11-25,Flow,124,B
04FB001,2022-11-26,Flow,123,B
04FB001,2022-11-27,Flow,122,B
04FB001,2022-11-28,Flow,121,B
04FB001,2022-11-29,Flow,120,B
04FB001,2022-11-30,Flow,119,B
04FB001,2022-12-01,Flow,116,B
04FB001,2022-12-02,Flow,113,B
04FB001,2022-12-03,Flow,110,B
04FB001,2022-12-04,Flow,109,B
04FB001,2022-12-05,Flow,107,B
04FB001,2022-12-06,Flow,106,B
04FB001,2022-12-07,Flow,105,B
04FB001,2022-12-08,Flow,103,B
04FB001,2022-12-09,Flow,102,B
04FB001,2022-12-10,Flow,101,B
04FB001,2022-12-11,Flow,101,B
04FB001,2022-12-12,Flow,100,B
04FB001,2022-12-13,Flow,99.69999695,B
04FB001,2022-12-14,Flow,99.09999847,B
04FB001,2022-12-15,Flow,98.69999695,B
04FB001,2022-12-16,Flow,98.40000153,B
04FB001,2022-12-17,Flow,98.19999695,B
04FB001,2022-12-18,Flow,97.59999847,B
04FB001,2022-12-19,Flow,96.09999847,B
04FB001,2022-12-20,Flow,94.59999847,B
04FB001,2022-12-21,Flow,93,B
04FB001,2022-12-22,Flow,91.5,B
04FB001,2022-12-23,Flow,90.69999695,B
04FB001,2022-12-24,Flow,90.30000305,B
04FB001,2022-12-25,Flow,89.90000153,B
04FB001,2022-12-26,Flow,89.5,B
04FB001,2022-12-27,Flow,89,B
04FB001,2022-12-28,Flow,88.59999847,B
04FB001,2022-12-29,Flow,88.19999695,B
04FB001,2022-12-30,Flow,87.80000305,B
04FB001,2022-12-31,Flow,87.19999695,B
